File,Label
1986-01-15_05-54.csv,0
1986-01-15_19-57.csv,0
1986-01-16_15-16.csv,0
1986-02-03_19-37.csv,0
1986-02-03_21-25.csv,0
1986-02-04_09-27.csv,0
1986-02-05_05-50.csv,0
1986-02-05_23-00.csv,1
1986-02-07_01-00.csv,1
1986-02-10_09-00.csv,0
1986-02-11_02-32.csv,0
1986-02-11_22-03.csv,0
1986-02-13_01-46.csv,0
1986-02-14_02-20.csv,1
1986-02-16_14-20.csv,1
1986-03-03_04-00.csv,0
1986-03-05_06-06.csv,0
1986-03-06_06-25.csv,1
1986-04-23_23-39.csv,0
1986-04-26_15-37.csv,0
1986-05-04_01-00.csv,1
1986-10-18_23-15.csv,0
1987-04-05_18-31.csv,0
1987-04-15_06-36.csv,0
1987-04-16_14-44.csv,0
1987-05-19_17-08.csv,0
1987-05-21_02-15.csv,0
1987-05-24_14-18.csv,0
1987-05-25_02-30.csv,0
1987-05-26_18-41.csv,0
1987-05-29_05-25.csv,0
1987-07-24_08-53.csv,0
1987-07-27_17-11.csv,0
1987-08-01_17-17.csv,0
1987-08-07_15-50.csv,0
1987-08-09_12-54.csv,0
1987-08-10_01-53.csv,0
1987-08-13_12-38.csv,0
1987-08-19_09-00.csv,0
1987-08-22_04-03.csv,0
1987-08-23_21-35.csv,0
1987-08-24_21-25.csv,0
1987-09-01_14-27.csv,0
1987-09-11_20-58.csv,0
1987-09-13_23-30.csv,0
1987-09-21_00-57.csv,0
1987-10-16_08-50.csv,0
1987-10-17_11-21.csv,0
1987-11-02_12-55.csv,0
1987-11-04_16-13.csv,0
1987-11-05_22-34.csv,0
1987-11-07_19-50.csv,1
1987-11-18_02-17.csv,0
1987-11-19_06-41.csv,0
1987-11-20_03-12.csv,0
1987-11-20_22-31.csv,0
1987-11-21_16-55.csv,0
1987-12-14_03-20.csv,0
1987-12-26_17-04.csv,0
1987-12-27_09-27.csv,0
1987-12-28_05-05.csv,0
1987-12-29_14-15.csv,0
1988-01-02_15-55.csv,1
1988-01-09_01-21.csv,0
1988-01-09_14-24.csv,0
1988-01-13_10-51.csv,0
1988-01-14_08-05.csv,0
1988-01-28_05-06.csv,0
1988-02-20_03-05.csv,0
1988-03-12_00-38.csv,0
1988-03-14_07-15.csv,0
1988-03-14_22-01.csv,0
1988-03-24_09-19.csv,0
1988-03-25_10-50.csv,1
1988-04-07_12-07.csv,0
1988-04-07_23-23.csv,0
1988-04-12_16-07.csv,0
1988-04-13_03-13.csv,0
1988-04-13_18-48.csv,0
1988-04-14_18-34.csv,0
1988-04-15_19-00.csv,0
1988-04-16_17-05.csv,0
1988-04-17_20-57.csv,0
1988-04-19_17-58.csv,0
1988-04-20_09-02.csv,0
1988-04-21_08-16.csv,0
1988-04-22_13-07.csv,0
1988-04-24_00-08.csv,0
1988-04-30_20-02.csv,0
1988-05-05_18-44.csv,0
1988-05-17_18-27.csv,0
1988-05-20_05-08.csv,0
1988-05-23_01-53.csv,0
1988-05-25_14-09.csv,0
1988-05-26_19-32.csv,0
1988-05-27_10-26.csv,0
1988-05-27_23-43.csv,0
1988-05-29_04-31.csv,0
1988-05-30_18-47.csv,0
1988-06-02_07-57.csv,0
1988-06-04_05-14.csv,0
1988-06-05_19-14.csv,0
1988-06-09_15-49.csv,0
1988-06-14_17-20.csv,0
1988-06-15_21-28.csv,0
1988-06-17_02-40.csv,0
1988-06-21_01-16.csv,0
1988-06-21_22-39.csv,0
1988-06-22_21-23.csv,0
1988-06-27_01-49.csv,0
1988-06-29_23-25.csv,1
1988-07-01_07-32.csv,0
1988-07-03_13-18.csv,0
1988-07-07_04-58.csv,0
1988-07-08_02-35.csv,0
1988-07-09_06-18.csv,0
1988-07-09_22-37.csv,0
1988-07-10_23-29.csv,0
1988-07-12_23-28.csv,0
1988-07-18_15-07.csv,0
1988-07-19_19-00.csv,0
1988-07-21_00-29.csv,0
1988-07-22_10-15.csv,0
1988-07-24_05-37.csv,0
1988-07-26_09-40.csv,0
1988-07-27_06-29.csv,0
1988-07-28_01-33.csv,0
1988-07-29_20-31.csv,0
1988-07-30_20-25.csv,0
1988-08-01_04-33.csv,0
1988-08-02_14-48.csv,0
1988-08-08_06-58.csv,0
1988-08-10_07-05.csv,0
1988-08-19_12-37.csv,0
1988-08-23_07-40.csv,0
1988-08-25_01-55.csv,0
1988-08-26_09-58.csv,0
1988-08-29_14-44.csv,0
1988-08-30_12-46.csv,0
1988-09-01_19-52.csv,0
1988-09-08_11-33.csv,0
1988-09-19_10-15.csv,0
1988-09-22_07-05.csv,0
1988-09-22_21-41.csv,0
1988-09-24_23-24.csv,0
1988-09-26_01-24.csv,0
1988-09-27_08-50.csv,0
1988-09-27_09-20.csv,0
1988-09-28_21-55.csv,0
1988-09-29_23-58.csv,0
1988-09-30_18-00.csv,0
1988-10-02_03-17.csv,0
1988-10-03_04-25.csv,0
1988-10-04_20-55.csv,0
1988-10-06_00-24.csv,0
1988-10-06_15-29.csv,0
1988-10-09_22-45.csv,0
1988-10-10_17-03.csv,0
1988-10-11_18-45.csv,0
1988-10-12_11-07.csv,0
1988-10-13_10-00.csv,0
1988-10-16_19-45.csv,0
1988-10-19_18-04.csv,0
1988-10-22_22-16.csv,0
1988-10-23_20-58.csv,0
1988-10-24_19-03.csv,0
1988-10-27_17-37.csv,0
1988-10-29_01-46.csv,0
1988-11-01_09-55.csv,0
1988-11-06_17-20.csv,0
1988-11-07_10-05.csv,0
1988-11-08_01-50.csv,0
1988-11-09_11-03.csv,0
1988-11-11_14-13.csv,0
1988-11-12_10-52.csv,0
1988-11-13_13-30.csv,0
1988-11-15_16-49.csv,0
1988-11-18_18-43.csv,0
1988-11-20_13-17.csv,0
1988-11-21_12-56.csv,0
1988-11-22_13-53.csv,0
1988-11-24_20-58.csv,0
1988-11-26_20-27.csv,0
1988-11-27_21-07.csv,0
1988-12-07_06-14.csv,0
1988-12-07_22-35.csv,0
1988-12-09_02-16.csv,0
1988-12-09_20-17.csv,0
1988-12-12_06-36.csv,0
1988-12-12_18-22.csv,0
1988-12-12_23-10.csv,0
1988-12-13_13-05.csv,0
1988-12-14_00-10.csv,0
1988-12-14_07-42.csv,0
1988-12-15_21-40.csv,1
1988-12-16_21-46.csv,0
1988-12-17_16-32.csv,0
1988-12-18_08-13.csv,0
1988-12-21_14-53.csv,0
1988-12-22_05-17.csv,0
1988-12-24_12-25.csv,0
1988-12-25_10-10.csv,0
1988-12-26_20-55.csv,0
1988-12-27_23-27.csv,0
1988-12-28_12-45.csv,0
1988-12-29_10-55.csv,0
1988-12-31_12-57.csv,0
1989-01-03_09-10.csv,0
1989-01-04_09-15.csv,0
1989-01-04_13-48.csv,0
1989-01-06_03-59.csv,0
1989-01-06_16-53.csv,0
1989-01-12_16-39.csv,0
1989-01-16_02-07.csv,0
1989-01-18_04-08.csv,0
1989-01-19_08-43.csv,0
1989-01-20_14-10.csv,0
1989-01-21_04-37.csv,0
1989-01-22_01-55.csv,0
1989-01-23_20-37.csv,0
1989-01-24_09-07.csv,0
1989-01-27_14-16.csv,0
1989-01-29_10-40.csv,0
1989-01-29_23-43.csv,0
1989-02-02_10-24.csv,0
1989-02-03_13-08.csv,0
1989-02-05_03-51.csv,0
1989-02-05_22-30.csv,0
1989-02-07_13-43.csv,0
1989-02-08_08-35.csv,0
1989-02-11_10-39.csv,0
1989-02-13_02-23.csv,0
1989-02-13_17-11.csv,0
1989-02-15_02-25.csv,0
1989-02-16_02-40.csv,0
1989-02-16_15-31.csv,0
1989-02-17_21-12.csv,0
1989-02-18_23-57.csv,0
1989-02-19_12-46.csv,0
1989-02-20_12-56.csv,0
1989-02-21_11-07.csv,0
1989-02-23_16-05.csv,0
1989-02-24_13-19.csv,0
1989-02-26_02-24.csv,0
1989-02-27_00-35.csv,0
1989-02-28_16-56.csv,0
1989-03-01_09-12.csv,0
1989-03-02_02-31.csv,0
1989-03-03_08-22.csv,0
1989-03-05_01-15.csv,0
1989-03-07_04-19.csv,0
1989-03-08_05-55.csv,1
1989-03-12_07-25.csv,1
1989-03-17_07-00.csv,1
1989-03-22_10-13.csv,0
1989-03-23_08-55.csv,1
1989-03-24_19-28.csv,0
1989-03-25_14-31.csv,0
1989-03-26_12-03.csv,0
1989-03-27_02-13.csv,0
1989-03-27_19-47.csv,0
1989-03-30_11-59.csv,0
1989-03-31_03-58.csv,0
1989-04-02_14-41.csv,0
1989-04-03_18-20.csv,0
1989-04-05_02-42.csv,0
1989-04-05_22-06.csv,0
1989-04-07_12-03.csv,0
1989-04-09_01-02.csv,0
1989-04-09_05-00.csv,0
1989-04-10_20-34.csv,0
1989-04-11_03-55.csv,1
1989-04-18_19-54.csv,0
1989-04-20_04-21.csv,0
1989-04-21_03-36.csv,0
1989-04-21_17-05.csv,0
1989-04-22_04-14.csv,0
1989-04-23_20-44.csv,0
1989-05-01_00-08.csv,0
1989-05-02_00-54.csv,0
1989-05-02_04-50.csv,0
1989-05-03_18-27.csv,0
1989-05-04_20-35.csv,0
1989-05-05_18-25.csv,1
1989-05-06_17-10.csv,1
1989-05-07_18-10.csv,0
1989-05-09_15-53.csv,0
1989-05-10_03-19.csv,0
1989-05-11_06-29.csv,0
1989-05-12_10-19.csv,0
1989-05-15_04-31.csv,0
1989-05-19_23-15.csv,0
1989-05-21_13-34.csv,0
1989-05-22_06-30.csv,0
1989-05-22_14-14.csv,0
1989-05-24_12-46.csv,0
1989-05-25_09-40.csv,0
1989-05-26_21-18.csv,0
1989-05-28_11-09.csv,0
1989-05-30_00-11.csv,0
1989-05-30_23-17.csv,0
1989-06-02_03-14.csv,0
1989-06-11_08-02.csv,0
1989-06-13_18-42.csv,0
1989-06-13_23-10.csv,0
1989-06-18_05-05.csv,1
1989-06-18_18-00.csv,0
1989-06-20_09-20.csv,0
1989-06-22_12-53.csv,0
1989-06-24_02-20.csv,0
1989-06-24_15-03.csv,0
1989-06-26_14-41.csv,0
1989-06-28_12-02.csv,0
1989-06-28_16-45.csv,0
1989-06-29_10-55.csv,0
1989-06-30_05-00.csv,0
1989-06-30_08-20.csv,0
1989-07-03_00-36.csv,0
1989-07-03_22-59.csv,0
1989-07-05_06-53.csv,0
1989-07-08_23-52.csv,0
1989-07-19_03-02.csv,0
1989-07-19_20-28.csv,0
1989-07-20_10-06.csv,0
1989-07-24_21-35.csv,1
1989-07-26_03-54.csv,0
1989-07-29_14-00.csv,0
1989-07-31_00-06.csv,0
1989-08-02_22-04.csv,0
1989-08-05_04-49.csv,0
1989-08-06_22-47.csv,0
1989-08-07_19-21.csv,0
1989-08-09_13-23.csv,0
1989-08-10_00-40.csv,0
1989-08-11_00-43.csv,0
1989-08-12_04-20.csv,1
1989-08-14_18-30.csv,1
1989-08-15_13-30.csv,1
1989-08-16_19-05.csv,1
1989-08-19_07-25.csv,1
1989-08-21_21-10.csv,1
1989-08-23_07-46.csv,0
1989-08-24_15-04.csv,0
1989-08-26_10-42.csv,0
1989-08-28_03-29.csv,0
1989-08-28_21-40.csv,0
1989-08-30_15-48.csv,0
1989-08-31_02-15.csv,0
1989-08-31_15-05.csv,0
1989-09-01_03-05.csv,0
1989-09-03_15-05.csv,1
1989-09-03_22-36.csv,0
1989-09-06_15-56.csv,0
1989-09-07_04-29.csv,0
1989-09-11_18-38.csv,0
1989-09-12_10-25.csv,1
1989-09-14_05-59.csv,0
1989-09-15_05-27.csv,0
1989-09-15_14-00.csv,0
1989-09-16_15-22.csv,0
1989-09-17_17-31.csv,0
1989-09-18_17-49.csv,0
1989-09-19_09-00.csv,0
1989-09-20_17-01.csv,0
1989-09-24_07-14.csv,0
1989-09-24_19-23.csv,0
1989-09-26_11-26.csv,0
1989-09-27_16-00.csv,0
1989-09-29_00-00.csv,1
1989-10-03_21-58.csv,0
1989-10-05_10-58.csv,0
1989-10-05_12-50.csv,1
1989-10-07_11-48.csv,0
1989-10-09_00-52.csv,0
1989-10-10_12-33.csv,0
1989-10-12_22-42.csv,0
1989-10-14_21-39.csv,0
1989-10-15_11-40.csv,0
1989-10-17_17-50.csv,0
1989-10-19_01-10.csv,1
1989-10-22_04-30.csv,1
1989-10-24_07-00.csv,1
1989-10-28_18-20.csv,1
1989-10-29_20-29.csv,0
1989-10-30_20-10.csv,0
1989-10-31_15-13.csv,0
1989-11-01_07-20.csv,0
1989-11-01_15-13.csv,0
1989-11-02_11-16.csv,0
1989-11-03_05-40.csv,0
1989-11-04_20-18.csv,0
1989-11-06_06-45.csv,0
1989-11-06_08-19.csv,0
1989-11-08_15-40.csv,1
1989-11-12_05-21.csv,0
1989-11-13_19-05.csv,0
1989-11-14_10-33.csv,0
1989-11-14_19-55.csv,1
1989-11-18_01-36.csv,0
1989-11-18_14-51.csv,0
1989-11-19_05-19.csv,0
1989-11-19_15-00.csv,0
1989-11-20_02-50.csv,0
1989-11-22_07-34.csv,0
1989-11-25_01-38.csv,0
1989-11-26_16-56.csv,0
1989-11-27_09-40.csv,1
1989-11-29_16-56.csv,0
1989-11-30_02-10.csv,1
1989-12-02_20-54.csv,0
1989-12-03_21-45.csv,0
1989-12-04_13-37.csv,0
1989-12-05_14-31.csv,0
1989-12-07_07-28.csv,0
1989-12-08_17-49.csv,0
1989-12-09_07-22.csv,0
1989-12-11_17-36.csv,0
1989-12-12_17-57.csv,0
1989-12-13_21-22.csv,0
1989-12-15_12-56.csv,0
1989-12-18_07-31.csv,0
1989-12-18_22-36.csv,0
1989-12-20_18-03.csv,0
1989-12-22_17-01.csv,0
1989-12-24_02-25.csv,0
1989-12-28_20-08.csv,0
1989-12-29_09-59.csv,0
1989-12-31_08-32.csv,0
1990-01-01_20-19.csv,0
1990-01-02_17-59.csv,0
1990-01-03_05-20.csv,0
1990-01-05_10-57.csv,0
1990-01-08_10-55.csv,0
1990-01-09_10-46.csv,0
1990-01-10_19-17.csv,0
1990-01-11_23-45.csv,0
1990-01-12_20-16.csv,0
1990-01-14_09-05.csv,0
1990-01-15_05-47.csv,0
1990-01-16_06-47.csv,0
1990-01-17_06-16.csv,0
1990-01-18_01-23.csv,0
1990-01-19_03-25.csv,0
1990-01-19_14-28.csv,0
1990-01-20_10-40.csv,0
1990-01-21_15-04.csv,0
1990-01-23_04-03.csv,0
1990-01-24_11-22.csv,0
1990-01-27_22-47.csv,0
1990-01-29_19-46.csv,0
1990-01-31_09-24.csv,0
1990-02-03_00-09.csv,0
1990-02-05_15-59.csv,0
1990-02-08_17-29.csv,0
1990-02-14_16-37.csv,0
1990-02-18_09-51.csv,0
1990-02-22_13-40.csv,0
1990-02-23_11-53.csv,0
1990-02-26_15-17.csv,0
1990-02-27_06-04.csv,0
1990-02-27_22-28.csv,0
1990-03-03_12-02.csv,0
1990-03-07_23-32.csv,0
1990-03-08_15-55.csv,0
1990-03-12_03-28.csv,0
1990-03-13_05-48.csv,0
1990-03-13_20-37.csv,0
1990-03-14_17-42.csv,0
1990-03-16_06-12.csv,0
1990-03-16_23-49.csv,0
1990-03-18_00-04.csv,0
1990-03-18_19-55.csv,1
1990-03-21_19-12.csv,0
1990-03-24_01-54.csv,0
1990-03-25_03-16.csv,0
1990-03-27_03-14.csv,0
1990-03-28_08-32.csv,0
1990-03-28_21-20.csv,1
1990-03-30_06-24.csv,0
1990-03-30_18-22.csv,0
1990-03-31_08-16.csv,0
1990-04-01_04-55.csv,0
1990-04-02_16-04.csv,0
1990-04-04_12-15.csv,0
1990-04-05_12-35.csv,0
1990-04-07_10-40.csv,1
1990-04-08_02-44.csv,0
1990-04-10_07-50.csv,0
1990-04-11_09-20.csv,1
1990-04-12_01-49.csv,0
1990-04-12_23-37.csv,0
1990-04-13_10-42.csv,0
1990-04-15_10-47.csv,0
1990-04-16_17-00.csv,1
1990-04-17_02-13.csv,0
1990-04-17_13-18.csv,0
1990-04-18_01-50.csv,0
1990-04-20_05-15.csv,0
1990-04-21_17-58.csv,0
1990-04-23_11-35.csv,0
1990-04-24_10-15.csv,0
1990-04-25_22-47.csv,0
1990-04-26_18-07.csv,0
1990-04-27_22-05.csv,1
1990-05-03_22-57.csv,0
1990-05-06_18-05.csv,0
1990-05-07_23-22.csv,0
1990-05-08_17-46.csv,0
1990-05-10_09-10.csv,0
1990-05-10_10-01.csv,0
1990-05-12_10-32.csv,0
1990-05-13_02-25.csv,0
1990-05-17_02-07.csv,0
1990-05-17_06-10.csv,0
1990-05-18_01-57.csv,0
1990-05-18_20-10.csv,0
1990-05-19_11-53.csv,0
1990-05-20_00-15.csv,0
1990-05-20_22-32.csv,0
1990-05-21_11-55.csv,1
1990-05-23_03-01.csv,0
1990-05-23_22-39.csv,0
1990-05-24_09-25.csv,1
1990-05-26_09-10.csv,1
1990-05-27_17-45.csv,1
1990-06-06_15-38.csv,0
1990-06-07_06-44.csv,0
1990-06-09_13-13.csv,0
1990-06-10_05-56.csv,0
1990-06-11_08-34.csv,0
1990-06-11_23-40.csv,1
1990-06-13_13-10.csv,0
1990-06-15_07-23.csv,0
1990-06-24_04-17.csv,0
1990-06-25_00-16.csv,0
1990-06-26_02-09.csv,0
1990-06-26_18-34.csv,0
1990-06-27_15-48.csv,0
1990-06-28_13-11.csv,0
1990-06-29_12-10.csv,0
1990-06-30_18-45.csv,0
1990-07-01_19-31.csv,0
1990-07-04_15-40.csv,0
1990-07-06_04-32.csv,0
1990-07-07_23-36.csv,0
1990-07-08_21-18.csv,0
1990-07-09_11-41.csv,0
1990-07-10_11-28.csv,0
1990-07-11_08-06.csv,0
1990-07-13_02-15.csv,0
1990-07-13_06-35.csv,0
1990-07-18_05-26.csv,0
1990-07-18_16-34.csv,0
1990-07-22_23-03.csv,0
1990-07-23_20-54.csv,0
1990-07-26_01-30.csv,1
1990-07-26_15-59.csv,0
1990-07-31_12-20.csv,1
1990-08-08_12-34.csv,0
1990-08-12_11-25.csv,0
1990-08-13_08-21.csv,0
1990-08-17_16-05.csv,0
1990-08-20_10-15.csv,0
1990-08-21_03-29.csv,0
1990-08-21_14-58.csv,0
1990-08-22_06-55.csv,0
1990-08-24_22-51.csv,0
1990-08-25_18-55.csv,0
1990-08-26_06-28.csv,0
1990-08-27_02-50.csv,0
1990-08-27_18-05.csv,0
1990-08-29_19-37.csv,0
1990-08-31_03-08.csv,0
1990-09-01_05-58.csv,0
1990-09-03_08-43.csv,0
1990-09-03_23-42.csv,0
1990-09-06_20-08.csv,0
1990-09-11_23-57.csv,0
1990-09-12_17-48.csv,0
1990-09-14_03-10.csv,0
1990-09-15_06-44.csv,0
1990-09-17_04-50.csv,0
1990-09-18_08-37.csv,0
1990-09-19_08-05.csv,0
1990-09-20_05-12.csv,0
1990-09-22_02-06.csv,0
1990-09-23_12-05.csv,0
1990-09-25_01-21.csv,0
1990-09-26_12-25.csv,0
1990-09-29_03-06.csv,0
1990-09-30_06-37.csv,0
1990-10-02_12-29.csv,0
1990-10-03_02-07.csv,0
1990-10-05_05-27.csv,0
1990-10-08_05-52.csv,0
1990-10-09_00-33.csv,0
1990-10-10_16-55.csv,0
1990-10-11_06-36.csv,0
1990-10-15_00-25.csv,0
1990-10-16_16-16.csv,0
1990-10-17_15-42.csv,0
1990-10-18_05-12.csv,0
1990-10-19_08-59.csv,0
1990-10-20_03-52.csv,0
1990-10-20_15-31.csv,0
1990-10-22_06-04.csv,0
1990-10-22_22-30.csv,0
1990-10-25_10-04.csv,0
1990-10-29_01-43.csv,0
1990-11-04_16-36.csv,0
1990-11-05_21-51.csv,0
1990-11-06_09-08.csv,0
1990-11-07_16-50.csv,0
1990-11-08_14-10.csv,0
1990-11-10_11-00.csv,0
1990-11-11_03-46.csv,0
1990-11-11_20-53.csv,0
1990-11-12_18-20.csv,0
1990-11-15_14-11.csv,0
1990-11-16_22-44.csv,0
1990-11-18_16-37.csv,0
1990-11-19_08-21.csv,0
1990-11-20_08-45.csv,0
1990-11-22_07-13.csv,0
1990-11-24_01-21.csv,0
1990-11-24_13-09.csv,0
1990-11-25_17-54.csv,0
1990-11-26_15-51.csv,0
1990-11-27_21-21.csv,0
1990-11-29_08-47.csv,0
1990-11-30_04-44.csv,0
1990-11-30_23-47.csv,0
1990-12-03_18-20.csv,0
1990-12-04_13-20.csv,0
1990-12-05_06-22.csv,0
1990-12-05_19-54.csv,0
1990-12-07_13-08.csv,0
1990-12-08_05-43.csv,0
1990-12-09_07-15.csv,0
1990-12-10_05-57.csv,0
1990-12-14_10-16.csv,0
1990-12-15_04-40.csv,0
1990-12-16_03-45.csv,0
1990-12-17_02-35.csv,0
1990-12-20_06-05.csv,0
1990-12-20_19-34.csv,0
1990-12-21_15-08.csv,0
1990-12-22_14-44.csv,0
1990-12-22_22-55.csv,0
1990-12-23_23-56.csv,0
1990-12-24_04-30.csv,0
1990-12-26_01-04.csv,0
1990-12-27_16-44.csv,0
1990-12-30_12-13.csv,0
1991-01-08_03-09.csv,0
1991-01-09_23-37.csv,0
1991-01-11_05-50.csv,0
1991-01-12_07-22.csv,0
1991-01-12_21-07.csv,0
1991-01-17_13-57.csv,0
1991-01-20_00-43.csv,0
1991-01-20_19-42.csv,0
1991-01-24_02-29.csv,0
1991-01-25_00-20.csv,0
1991-01-25_02-25.csv,0
1991-01-26_07-01.csv,0
1991-01-27_08-25.csv,0
1991-01-28_00-30.csv,0
1991-01-30_23-30.csv,1
1991-02-02_06-05.csv,0
1991-02-05_21-19.csv,0
1991-02-07_20-50.csv,0
1991-02-08_13-45.csv,0
1991-02-10_16-16.csv,0
1991-02-13_03-09.csv,0
1991-02-14_05-05.csv,0
1991-02-16_04-33.csv,0
1991-02-17_01-52.csv,0
1991-02-18_05-33.csv,0
1991-02-20_12-23.csv,0
1991-02-23_15-25.csv,0
1991-02-24_15-03.csv,0
1991-02-25_00-10.csv,1
1991-02-25_15-01.csv,0
1991-02-28_03-14.csv,0
1991-03-01_03-36.csv,0
1991-03-01_22-43.csv,0
1991-03-03_12-18.csv,0
1991-03-10_17-06.csv,0
1991-03-11_06-34.csv,0
1991-03-11_21-15.csv,0
1991-03-12_04-50.csv,0
1991-03-13_01-53.csv,0
1991-03-14_13-54.csv,0
1991-03-15_21-33.csv,0
1991-03-16_03-00.csv,0
1991-03-20_02-26.csv,0
1991-03-22_20-20.csv,1
1991-03-29_09-20.csv,1
1991-03-30_23-31.csv,0
1991-03-31_10-55.csv,1
1991-04-01_20-26.csv,0
1991-04-02_20-15.csv,1
1991-04-06_07-08.csv,0
1991-04-09_14-28.csv,0
1991-04-13_00-41.csv,0
1991-04-13_23-42.csv,0
1991-04-16_15-50.csv,0
1991-04-19_09-46.csv,0
1991-04-20_05-19.csv,0
1991-04-21_04-04.csv,0
1991-04-21_20-35.csv,0
1991-04-27_22-29.csv,0
1991-04-30_23-08.csv,0
1991-05-05_19-23.csv,0
1991-05-06_22-21.csv,0
1991-05-08_14-40.csv,0
1991-05-09_11-03.csv,0
1991-05-09_18-50.csv,0
1991-05-10_01-54.csv,0
1991-05-10_18-44.csv,0
1991-05-11_07-02.csv,0
1991-05-12_15-00.csv,1
1991-05-15_19-20.csv,0
1991-05-17_08-03.csv,0
1991-05-17_23-10.csv,0
1991-05-17_23-46.csv,0
1991-05-19_03-35.csv,0
1991-05-20_08-00.csv,0
1991-05-21_23-19.csv,0
1991-05-22_20-55.csv,0
1991-05-25_20-35.csv,0
1991-05-27_00-42.csv,0
1991-05-27_17-32.csv,0
1991-05-31_00-25.csv,1
1991-05-31_02-44.csv,0
1991-06-02_04-40.csv,1
1991-06-02_19-27.csv,0
1991-06-03_19-51.csv,0
1991-06-04_01-30.csv,1
1991-06-05_01-10.csv,1
1991-06-10_14-50.csv,1
1991-06-14_11-40.csv,1
1991-06-18_23-16.csv,0
1991-06-20_01-20.csv,0
1991-06-20_16-41.csv,0
1991-06-23_17-56.csv,0
1991-06-26_00-49.csv,0
1991-06-26_21-55.csv,0
1991-06-27_12-14.csv,0
1991-06-28_03-54.csv,0
1991-06-29_17-55.csv,1
1991-06-30_01-43.csv,0
1991-06-30_19-00.csv,1
1991-07-04_02-17.csv,0
1991-07-05_05-04.csv,0
1991-07-06_16-55.csv,1
1991-07-10_14-30.csv,1
1991-07-10_18-15.csv,0
1991-07-12_16-32.csv,0
1991-07-13_17-31.csv,0
1991-07-15_11-49.csv,0
1991-07-17_05-18.csv,0
1991-07-17_20-04.csv,0
1991-07-19_13-34.csv,0
1991-07-22_08-46.csv,0
1991-07-23_16-40.csv,0
1991-07-24_10-37.csv,0
1991-07-26_11-33.csv,0
1991-07-29_14-12.csv,0
1991-07-30_06-06.csv,0
1991-08-01_10-42.csv,0
1991-08-02_15-20.csv,0
1991-08-02_20-20.csv,0
1991-08-03_16-42.csv,0
1991-08-04_16-53.csv,0
1991-08-05_04-24.csv,0
1991-08-06_03-36.csv,0
1991-08-07_18-01.csv,0
1991-08-08_07-50.csv,0
1991-08-15_16-59.csv,0
1991-08-16_17-02.csv,0
1991-08-18_11-48.csv,0
1991-08-19_04-32.csv,0
1991-08-20_11-04.csv,0
1991-08-22_01-28.csv,0
1991-08-22_18-05.csv,0
1991-08-23_20-38.csv,0
1991-08-24_12-11.csv,0
1991-08-26_05-40.csv,1
1991-08-28_14-55.csv,0
1991-08-30_00-14.csv,0
1991-08-31_00-50.csv,0
1991-09-01_01-05.csv,0
1991-09-02_09-57.csv,0
1991-09-04_13-15.csv,0
1991-09-05_21-40.csv,0
1991-09-05_23-55.csv,0
1991-09-06_12-45.csv,0
1991-09-10_02-21.csv,0
1991-09-15_13-19.csv,0
1991-09-16_06-38.csv,0
1991-09-17_18-00.csv,0
1991-09-18_12-48.csv,0
1991-09-22_14-47.csv,0
1991-09-23_16-57.csv,0
1991-09-24_06-51.csv,0
1991-09-25_10-12.csv,0
1991-09-25_23-20.csv,0
1991-09-27_14-48.csv,0
1991-09-30_03-51.csv,0
1991-10-01_05-40.csv,1
1991-10-02_21-19.csv,0
1991-10-07_04-54.csv,0
1991-10-08_14-21.csv,0
1991-10-09_04-15.csv,0
1991-10-12_03-57.csv,0
1991-10-12_21-09.csv,0
1991-10-13_17-10.csv,0
1991-10-20_23-57.csv,0
1991-10-21_11-48.csv,0
1991-10-22_05-27.csv,0
1991-10-22_17-28.csv,0
1991-10-23_06-50.csv,0
1991-10-23_23-38.csv,0
1991-10-28_01-00.csv,1
1991-10-29_19-45.csv,1
1991-10-31_22-17.csv,0
1991-11-01_19-27.csv,0
1991-11-04_03-27.csv,0
1991-11-04_21-52.csv,0
1991-11-05_21-05.csv,0
1991-11-07_22-48.csv,0
1991-11-09_14-32.csv,0
1991-11-10_19-16.csv,0
1991-11-11_18-42.csv,0
1991-11-13_20-14.csv,0
1991-11-14_17-34.csv,0
1991-11-15_12-25.csv,0
1991-11-16_18-45.csv,0
1991-11-17_04-05.csv,0
1991-11-17_17-31.csv,0
1991-11-18_09-41.csv,0
1991-11-19_08-27.csv,0
1991-11-19_23-54.csv,0
1991-11-20_18-19.csv,0
1991-11-21_17-48.csv,0
1991-11-30_02-44.csv,0
1991-12-02_00-09.csv,0
1991-12-03_15-34.csv,0
1991-12-04_10-38.csv,0
1991-12-07_11-20.csv,0
1991-12-11_10-27.csv,0
1991-12-13_14-29.csv,0
1991-12-17_18-29.csv,0
1991-12-18_09-13.csv,0
1991-12-18_21-04.csv,0
1991-12-20_09-42.csv,0
1991-12-21_01-50.csv,0
1991-12-22_04-26.csv,0
1991-12-28_09-38.csv,0
1991-12-28_12-05.csv,0
1991-12-29_10-57.csv,0
1992-01-03_17-10.csv,0
1992-01-07_03-03.csv,0
1992-01-07_14-03.csv,0
1992-01-09_02-56.csv,0
1992-01-10_16-58.csv,0
1992-01-12_13-33.csv,0
1992-01-13_16-23.csv,0
1992-01-14_18-35.csv,0
1992-01-15_17-49.csv,0
1992-01-21_18-36.csv,0
1992-01-25_21-12.csv,0
1992-01-26_14-23.csv,0
1992-01-28_15-54.csv,0
1992-01-29_05-08.csv,0
1992-01-31_13-35.csv,0
1992-02-01_19-45.csv,0
1992-02-05_04-14.csv,0
1992-02-06_18-45.csv,1
1992-02-09_01-59.csv,0
1992-02-10_03-29.csv,0
1992-02-10_21-07.csv,0
1992-02-13_19-43.csv,0
1992-02-14_12-58.csv,0
1992-02-16_22-05.csv,0
1992-02-20_13-12.csv,0
1992-02-21_20-55.csv,0
1992-02-24_00-55.csv,0
1992-02-24_22-16.csv,0
1992-02-25_17-10.csv,0
1992-02-26_22-05.csv,0
1992-02-26_22-30.csv,0
1992-02-29_19-33.csv,0
1992-03-05_21-28.csv,0
1992-03-07_03-50.csv,0
1992-03-07_23-33.csv,0
1992-03-08_16-06.csv,0
1992-03-10_23-06.csv,0
1992-03-15_20-40.csv,1
1992-03-20_11-05.csv,0
1992-03-25_08-11.csv,0
1992-03-31_13-14.csv,0
1992-04-06_06-11.csv,0
1992-04-07_02-20.csv,0
1992-04-07_14-29.csv,0
1992-04-08_06-33.csv,0
1992-04-17_22-03.csv,0
1992-04-18_10-51.csv,0
1992-04-19_17-01.csv,0
1992-04-20_13-30.csv,0
1992-04-21_15-43.csv,0
1992-04-24_11-45.csv,0
1992-05-03_07-51.csv,0
1992-05-04_10-22.csv,0
1992-05-05_18-02.csv,0
1992-05-08_22-05.csv,1
1992-05-19_10-31.csv,0
1992-05-21_08-00.csv,0
1992-05-23_21-30.csv,0
1992-05-27_13-35.csv,0
1992-06-04_03-09.csv,0
1992-06-07_00-04.csv,0
1992-06-08_07-54.csv,0
1992-06-18_19-23.csv,0
1992-06-25_05-14.csv,0
1992-06-25_08-45.csv,1
1992-06-27_21-40.csv,1
1992-06-28_01-13.csv,0
1992-06-28_12-53.csv,0
1992-07-03_08-01.csv,0
1992-07-04_21-44.csv,0
1992-07-05_11-23.csv,0
1992-07-07_10-20.csv,0
1992-07-08_01-05.csv,0
1992-07-09_01-56.csv,0
1992-07-09_15-35.csv,0
1992-07-10_22-00.csv,0
1992-07-13_07-01.csv,0
1992-07-13_19-05.csv,0
1992-07-14_09-34.csv,0
1992-07-16_15-56.csv,0
1992-07-17_20-09.csv,0
1992-08-02_18-27.csv,0
1992-08-06_03-15.csv,1
1992-08-08_18-18.csv,0
1992-08-10_19-58.csv,0
1992-08-11_12-47.csv,0
1992-08-20_07-59.csv,0
1992-08-22_13-34.csv,0
1992-08-24_08-33.csv,0
1992-08-25_17-25.csv,0
1992-09-04_22-44.csv,0
1992-09-09_16-58.csv,0
1992-09-10_21-03.csv,0
1992-09-16_09-05.csv,0
1992-09-17_06-29.csv,0
1992-10-02_06-18.csv,0
1992-10-04_21-13.csv,0
1992-10-05_08-13.csv,0
1992-10-06_01-45.csv,0
1992-10-07_04-02.csv,0
1992-10-08_01-32.csv,0
1992-10-10_04-37.csv,0
1992-10-11_01-01.csv,0
1992-10-13_17-59.csv,0
1992-10-14_18-17.csv,0
1992-10-19_02-21.csv,0
1992-10-19_16-53.csv,0
1992-10-20_08-10.csv,0
1992-10-22_23-51.csv,0
1992-10-23_21-41.csv,0
1992-10-26_14-49.csv,0
1992-10-29_06-29.csv,0
1992-10-30_07-09.csv,0
1992-10-30_07-20.csv,1
1992-11-01_15-10.csv,1
1992-11-05_05-17.csv,0
1992-11-05_19-26.csv,0
1992-11-18_18-02.csv,0
1992-11-19_19-18.csv,0
1992-11-22_12-01.csv,0
1992-11-23_08-50.csv,0
1992-11-24_07-37.csv,0
1992-11-27_11-28.csv,0
1992-11-28_22-40.csv,0
1992-11-29_11-30.csv,0
1992-11-30_18-35.csv,0
1992-12-01_16-45.csv,0
1992-12-04_10-18.csv,0
1992-12-07_12-37.csv,0
1992-12-09_10-24.csv,0
1992-12-15_00-11.csv,0
1992-12-17_10-24.csv,0
1992-12-31_01-14.csv,0
1992-12-31_18-26.csv,0
1993-01-02_03-19.csv,0
1993-01-02_22-41.csv,0
1993-01-03_23-43.csv,0
1993-01-12_13-32.csv,0
1993-01-13_01-57.csv,0
1993-01-31_12-33.csv,0
1993-02-02_02-43.csv,0
1993-02-03_13-56.csv,0
1993-02-05_03-48.csv,0
1993-02-06_15-40.csv,0
1993-02-08_01-30.csv,0
1993-02-08_16-02.csv,0
1993-02-09_05-56.csv,0
1993-02-10_06-32.csv,0
1993-02-10_19-03.csv,0
1993-02-11_14-39.csv,0
1993-02-13_04-25.csv,0
1993-02-14_11-48.csv,0
1993-02-16_03-37.csv,0
1993-02-17_01-36.csv,0
1993-02-18_01-59.csv,0
1993-02-20_23-27.csv,0
1993-02-25_03-52.csv,0
1993-03-02_20-04.csv,0
1993-03-04_00-02.csv,0
1993-03-04_03-05.csv,1
1993-03-06_09-32.csv,0
1993-03-06_16-45.csv,1
1993-03-06_21-26.csv,0
1993-03-11_01-29.csv,0
1993-03-11_13-32.csv,0
1993-03-12_08-10.csv,1
1993-03-15_19-39.csv,0
1993-03-19_23-47.csv,0
1993-03-21_02-22.csv,0
1993-03-23_00-29.csv,0
1993-03-24_02-20.csv,0
1993-03-29_07-32.csv,0
1993-04-06_22-43.csv,0
1993-04-07_12-56.csv,0
1993-04-08_18-37.csv,0
1993-04-10_16-39.csv,0
1993-04-18_18-07.csv,0
1993-04-22_13-07.csv,0
1993-05-04_01-50.csv,0
1993-05-07_19-47.csv,0
1993-05-09_09-37.csv,0
1993-05-13_10-16.csv,0
1993-05-14_11-10.csv,0
1993-05-27_16-47.csv,0
1993-05-28_19-53.csv,0
1993-05-30_04-01.csv,0
1993-06-03_14-50.csv,0
1993-06-07_03-15.csv,0
1993-06-08_00-47.csv,0
1993-06-09_17-29.csv,0
1993-06-10_04-57.csv,0
1993-06-24_06-19.csv,0
1993-06-26_00-47.csv,0
1993-06-26_13-54.csv,0
1993-06-27_03-31.csv,0
1993-06-28_00-06.csv,0
1993-07-01_09-39.csv,0
1993-07-02_10-28.csv,0
1993-07-03_09-40.csv,0
1993-07-04_06-21.csv,0
1993-08-04_01-19.csv,0
1993-08-11_09-13.csv,0
1993-09-04_04-43.csv,0
1993-09-08_12-44.csv,0
1993-09-16_16-38.csv,0
1993-09-24_16-10.csv,0
1993-09-26_23-13.csv,0
1993-09-27_11-04.csv,0
1993-10-01_22-48.csv,0
1993-10-03_08-07.csv,0
1993-10-03_19-29.csv,0
1993-10-09_07-09.csv,0
1993-10-09_18-09.csv,0
1993-10-20_08-45.csv,0
1993-10-25_18-48.csv,0
1993-10-27_05-36.csv,0
1993-11-11_10-00.csv,0
1993-11-12_01-21.csv,0
1993-11-13_03-10.csv,0
1993-11-30_05-00.csv,0
1993-12-06_16-17.csv,0
1993-12-22_16-23.csv,0
1993-12-24_13-51.csv,0
1993-12-26_14-42.csv,0
1993-12-27_17-43.csv,0
1993-12-28_15-53.csv,0
1993-12-29_14-30.csv,0
1993-12-30_04-47.csv,0
1994-01-05_05-48.csv,0
1994-01-06_05-07.csv,0
1994-01-07_08-37.csv,0
1994-01-09_21-51.csv,0
1994-01-16_05-47.csv,0
1994-01-16_22-09.csv,0
1994-01-25_17-12.csv,0
1994-01-27_03-58.csv,0
1994-01-28_15-25.csv,0
1994-02-16_18-11.csv,0
1994-02-19_15-05.csv,1
1994-02-27_07-25.csv,0
1994-03-03_01-08.csv,0
1994-06-30_20-18.csv,0
1994-07-07_08-56.csv,0
1994-07-12_08-15.csv,0
1994-08-14_16-34.csv,0
1994-08-15_11-42.csv,0
1994-08-17_00-07.csv,0
1994-08-18_02-02.csv,0
1994-08-18_14-01.csv,0
1994-08-19_01-46.csv,0
1994-08-29_11-29.csv,0
1994-08-30_07-23.csv,0
1994-09-03_14-53.csv,0
1994-09-05_04-31.csv,0
1994-09-05_23-32.csv,0
1994-09-11_03-50.csv,0
1994-10-09_15-12.csv,0
1994-10-19_12-30.csv,1
1994-12-13_19-55.csv,0
1995-01-24_09-48.csv,0
1995-01-31_08-55.csv,0
1995-02-01_07-18.csv,0
1995-02-02_11-55.csv,0
1995-02-03_00-38.csv,0
1995-02-04_14-42.csv,0
1995-02-20_02-13.csv,0
1995-03-22_15-20.csv,0
1995-04-22_09-45.csv,0
1995-07-01_22-58.csv,0
1995-10-12_05-01.csv,0
1995-10-12_23-54.csv,0
1995-10-19_20-25.csv,1
1995-11-16_20-46.csv,0
1996-04-20_14-52.csv,0
1996-04-22_02-27.csv,0
1996-07-07_12-34.csv,0
1996-07-09_00-49.csv,0
1996-07-10_02-30.csv,0
1996-11-24_23-17.csv,0
1996-11-29_19-36.csv,0
1996-11-30_19-49.csv,0
1997-04-01_12-25.csv,0
1997-04-07_12-50.csv,0
1997-05-21_19-03.csv,0
1997-08-09_15-30.csv,0
1997-08-29_21-56.csv,0
1997-09-02_11-25.csv,0
1997-09-08_18-23.csv,0
1997-09-09_08-45.csv,0
1997-09-17_10-35.csv,0
1997-09-19_00-39.csv,0
1997-09-24_01-43.csv,0
1997-09-25_10-40.csv,0
1997-11-03_03-32.csv,0
1997-11-03_20-30.csv,1
1997-11-06_01-05.csv,1
1997-11-13_11-00.csv,0
1997-11-15_21-31.csv,0
1997-11-17_13-56.csv,0
1997-11-24_18-30.csv,0
1997-11-25_18-36.csv,0
1997-11-26_17-31.csv,0
1997-11-27_11-59.csv,0
1997-11-28_03-53.csv,0
1997-11-28_18-54.csv,0
1997-11-29_21-28.csv,0
1997-12-01_01-32.csv,0
1997-12-21_02-41.csv,0
1997-12-22_14-17.csv,0
1998-01-01_02-01.csv,0
1998-01-02_08-13.csv,0
1998-01-03_15-49.csv,0
1998-01-15_08-26.csv,0
1998-01-25_20-26.csv,0
1998-03-15_15-04.csv,0
1998-03-18_09-50.csv,0
1998-03-19_00-17.csv,0
1998-03-22_05-51.csv,0
1998-03-23_01-39.csv,0
1998-03-24_09-22.csv,0
1998-03-26_11-46.csv,0
1998-03-27_20-49.csv,0
1998-04-03_22-35.csv,0
1998-04-05_15-22.csv,0
1998-04-06_15-23.csv,0
1998-04-15_06-37.csv,0
1998-04-20_02-05.csv,1
1998-04-27_07-55.csv,0
1998-04-29_05-30.csv,0
1998-04-30_20-15.csv,0
1998-05-01_11-54.csv,0
1998-05-02_02-10.csv,1
1998-05-03_20-12.csv,0
1998-05-05_10-56.csv,0
1998-05-05_20-40.csv,1
1998-05-07_10-05.csv,0
1998-05-08_00-49.csv,0
1998-05-09_11-30.csv,1
1998-05-10_07-15.csv,0
1998-05-27_12-30.csv,0
1998-05-28_12-43.csv,0
1998-06-11_08-57.csv,0
1998-06-13_03-15.csv,0
1998-06-16_09-00.csv,0
1998-06-25_19-10.csv,0
1998-06-27_00-12.csv,0
1998-07-01_17-35.csv,0
1998-07-02_23-06.csv,0
1998-07-04_04-37.csv,0
1998-07-05_10-29.csv,0
1998-07-14_11-51.csv,0
1998-07-15_18-46.csv,0
1998-07-22_03-39.csv,0
1998-07-24_02-11.csv,0
1998-08-08_02-12.csv,0
1998-08-09_07-38.csv,0
1998-08-13_16-50.csv,0
1998-08-14_07-19.csv,0
1998-08-15_05-21.csv,0
1998-08-16_16-37.csv,0
1998-08-17_17-11.csv,0
1998-08-18_21-10.csv,0
1998-08-19_11-22.csv,0
1998-08-22_12-40.csv,0
1998-08-23_08-23.csv,0
1998-08-24_11-55.csv,1
1998-08-30_04-12.csv,0
1998-08-31_14-29.csv,0
1998-09-02_15-44.csv,0
1998-09-03_02-45.csv,0
1998-09-03_14-26.csv,0
1998-09-09_03-52.csv,0
1998-09-11_14-58.csv,0
1998-09-13_17-16.csv,0
1998-09-20_01-33.csv,0
1998-09-22_23-27.csv,0
1998-09-24_06-45.csv,1
1998-09-24_07-09.csv,0
1998-09-27_01-34.csv,0
1998-09-27_22-37.csv,0
1998-09-30_03-20.csv,1
1998-10-07_11-42.csv,0
1998-10-10_12-11.csv,0
1998-10-17_17-39.csv,0
1998-10-18_10-45.csv,0
1998-10-19_11-18.csv,0
1998-10-20_19-30.csv,0
1998-11-03_18-11.csv,0
1998-11-05_00-21.csv,0
1998-11-05_11-20.csv,0
1998-11-06_11-01.csv,0
1998-11-07_10-02.csv,0
1998-11-07_14-45.csv,1
1998-11-08_03-22.csv,0
1998-11-08_14-39.csv,0
1998-11-09_23-10.csv,0
1998-11-10_14-27.csv,0
1998-11-12_04-23.csv,0
1998-11-13_20-10.csv,1
1998-11-16_19-09.csv,0
1998-11-21_19-00.csv,0
1998-11-22_11-15.csv,0
1998-11-23_15-00.csv,0
1998-11-24_21-09.csv,0
1998-11-25_12-58.csv,0
1998-11-27_06-21.csv,0
1998-11-28_03-54.csv,0
1998-12-13_23-01.csv,0
1998-12-17_06-40.csv,0
1998-12-18_16-13.csv,0
1998-12-20_07-49.csv,0
1998-12-22_22-45.csv,0
1998-12-24_00-20.csv,0
1998-12-25_04-31.csv,0
1998-12-26_04-55.csv,0
1998-12-26_22-36.csv,0
1998-12-28_04-15.csv,0
1998-12-28_22-15.csv,0
1998-12-30_04-26.csv,0
1998-12-31_23-21.csv,0
1999-01-01_12-54.csv,0
1999-01-03_07-07.csv,0
1999-01-06_22-54.csv,0
1999-01-12_00-01.csv,0
1999-01-13_13-56.csv,0
1999-01-15_05-02.csv,0
1999-01-16_11-02.csv,0
1999-01-18_06-52.csv,0
1999-01-19_00-00.csv,0
1999-01-22_08-00.csv,0
1999-01-22_22-35.csv,1
1999-01-24_23-52.csv,0
1999-01-25_13-02.csv,0
1999-01-26_17-36.csv,0
1999-02-12_02-04.csv,0
1999-02-13_15-07.csv,0
1999-02-14_08-59.csv,0
1999-02-15_08-18.csv,0
1999-02-15_22-56.csv,0
1999-02-16_16-31.csv,0
1999-02-17_19-21.csv,0
1999-02-20_01-17.csv,0
1999-02-21_08-38.csv,0
1999-02-28_15-31.csv,0
1999-03-02_11-04.csv,0
1999-03-07_23-08.csv,0
1999-03-10_23-04.csv,0
1999-03-11_19-30.csv,0
1999-03-12_16-20.csv,0
1999-03-13_19-22.csv,0
1999-03-15_02-17.csv,0
1999-03-16_05-18.csv,0
1999-03-16_20-01.csv,0
1999-03-17_08-50.csv,0
1999-04-02_07-06.csv,0
1999-04-03_21-56.csv,0
1999-04-08_07-36.csv,0
1999-04-24_06-40.csv,1
1999-04-29_18-45.csv,0
1999-04-30_11-10.csv,0
1999-05-02_08-58.csv,0
1999-05-03_22-07.csv,0
1999-05-05_06-20.csv,1
1999-05-07_03-28.csv,0
1999-05-08_09-36.csv,0
1999-05-09_07-00.csv,0
1999-05-09_10-52.csv,0
1999-05-10_04-22.csv,0
1999-05-16_12-45.csv,0
1999-05-17_16-00.csv,0
1999-05-26_18-15.csv,0
1999-05-26_23-15.csv,0
1999-05-27_14-15.csv,0
1999-05-29_02-04.csv,0
1999-05-30_22-31.csv,0
1999-06-01_05-24.csv,0
1999-06-01_14-50.csv,1
1999-06-03_21-25.csv,1
1999-06-10_14-15.csv,0
1999-06-11_10-07.csv,0
1999-06-12_12-19.csv,0
1999-06-17_15-47.csv,0
1999-06-18_18-56.csv,0
1999-06-20_14-25.csv,0
1999-06-22_16-37.csv,0
1999-06-23_22-06.csv,0
1999-06-24_22-00.csv,0
1999-06-26_04-08.csv,0
1999-06-27_07-34.csv,0
1999-06-28_17-59.csv,0
1999-07-01_16-35.csv,0
1999-07-02_14-12.csv,0
1999-07-03_19-15.csv,0
1999-07-04_07-20.csv,0
1999-07-04_22-22.csv,0
1999-07-05_17-30.csv,0
1999-07-09_21-36.csv,0
1999-07-16_07-38.csv,0
1999-07-19_07-16.csv,0
1999-07-22_19-55.csv,0
1999-07-27_11-58.csv,0
1999-07-28_00-36.csv,0
1999-07-29_14-11.csv,0
1999-07-30_14-09.csv,0
1999-08-01_05-38.csv,0
1999-08-01_23-23.csv,0
1999-08-03_18-43.csv,0
1999-08-05_14-55.csv,0
1999-08-07_17-52.csv,0
1999-08-14_10-58.csv,0
1999-08-18_08-21.csv,0
1999-08-19_10-59.csv,0
1999-08-20_06-16.csv,0
1999-08-21_15-30.csv,0
1999-08-22_14-46.csv,0
1999-08-25_00-32.csv,0
1999-08-25_13-39.csv,0
1999-08-26_05-57.csv,0
1999-08-27_00-22.csv,0
1999-08-28_13-55.csv,0
1999-08-29_05-32.csv,0
1999-08-30_11-39.csv,0
1999-09-01_17-52.csv,0
1999-09-08_11-08.csv,0
1999-09-16_02-23.csv,0
1999-09-17_00-14.csv,0
1999-09-17_21-06.csv,0
1999-09-19_22-03.csv,0
1999-09-21_02-42.csv,0
1999-09-30_23-08.csv,0
1999-10-01_13-49.csv,0
1999-10-08_11-38.csv,0
1999-10-14_07-54.csv,0
1999-10-18_00-04.csv,0
1999-10-19_18-26.csv,0
1999-10-21_18-53.csv,0
1999-10-25_05-26.csv,0
1999-10-25_22-15.csv,0
1999-10-27_08-08.csv,0
1999-10-31_05-50.csv,0
1999-11-03_21-34.csv,0
1999-11-05_16-12.csv,0
1999-11-08_17-04.csv,0
1999-11-09_05-00.csv,0
1999-11-09_18-42.csv,0
1999-11-10_14-44.csv,0
1999-11-12_07-22.csv,0
1999-11-13_00-14.csv,0
1999-11-13_14-50.csv,0
1999-11-14_06-54.csv,0
1999-11-17_07-00.csv,0
1999-11-17_08-30.csv,0
1999-11-18_17-57.csv,0
1999-11-20_21-17.csv,0
1999-11-22_11-10.csv,0
1999-11-24_08-19.csv,0
1999-11-25_16-12.csv,0
1999-11-28_00-26.csv,0
1999-11-28_17-00.csv,0
1999-12-03_18-48.csv,0
1999-12-06_06-00.csv,0
1999-12-07_00-07.csv,0
1999-12-07_20-15.csv,0
1999-12-16_23-13.csv,0
1999-12-17_17-55.csv,0
1999-12-18_18-09.csv,0
1999-12-21_16-12.csv,0
1999-12-24_08-28.csv,0
1999-12-25_10-24.csv,0
1999-12-27_00-46.csv,0
1999-12-27_23-39.csv,0
1999-12-29_08-22.csv,0
2000-01-08_15-08.csv,0
2000-01-10_07-51.csv,0
2000-01-11_00-06.csv,0
2000-01-11_20-43.csv,0
2000-01-12_19-36.csv,0
2000-01-14_16-06.csv,0
2000-01-16_23-21.csv,0
2000-01-18_08-36.csv,0
2000-01-21_04-02.csv,0
2000-01-22_16-55.csv,0
2000-01-25_05-19.csv,0
2000-02-03_18-57.csv,0
2000-02-04_08-11.csv,0
2000-02-05_07-22.csv,0
2000-02-08_07-42.csv,0
2000-02-08_23-42.csv,0
2000-02-09_18-15.csv,0
2000-02-12_02-51.csv,0
2000-02-17_17-41.csv,0
2000-02-17_23-30.csv,1
2000-02-19_05-24.csv,0
2000-02-20_21-00.csv,0
2000-02-21_22-13.csv,0
2000-02-23_15-41.csv,0
2000-02-25_07-54.csv,0
2000-02-26_22-33.csv,0
2000-02-29_14-15.csv,0
2000-03-01_16-53.csv,0
2000-03-03_22-37.csv,0
2000-03-05_08-32.csv,0
2000-03-07_12-27.csv,0
2000-03-10_02-11.csv,0
2000-03-10_16-49.csv,0
2000-03-11_20-26.csv,0
2000-03-12_17-45.csv,0
2000-03-15_02-38.csv,0
2000-03-15_17-36.csv,0
2000-03-16_09-59.csv,0
2000-03-17_10-08.csv,0
2000-03-17_22-25.csv,0
2000-03-18_19-47.csv,0
2000-03-19_16-01.csv,0
2000-03-20_07-21.csv,0
2000-03-21_06-17.csv,0
2000-03-25_04-33.csv,0
2000-03-25_21-31.csv,0
2000-03-26_16-27.csv,0
2000-03-28_18-03.csv,0
2000-03-29_23-54.csv,0
2000-04-02_15-58.csv,0
2000-04-04_00-18.csv,0
2000-04-04_08-55.csv,1
2000-04-06_01-18.csv,0
2000-04-08_01-34.csv,0
2000-04-08_19-40.csv,0
2000-04-09_22-26.csv,0
2000-04-11_16-57.csv,0
2000-04-14_07-09.csv,0
2000-04-15_09-09.csv,0
2000-04-18_06-58.csv,0
2000-04-20_09-24.csv,0
2000-04-22_22-39.csv,0
2000-04-26_08-17.csv,0
2000-04-30_06-53.csv,0
2000-05-01_09-16.csv,0
2000-05-02_13-42.csv,0
2000-05-03_21-47.csv,0
2000-05-05_14-19.csv,0
2000-05-09_16-28.csv,0
2000-05-10_18-26.csv,0
2000-05-11_09-03.csv,0
2000-05-12_07-38.csv,0
2000-05-12_20-28.csv,0
2000-05-13_22-01.csv,0
2000-05-15_03-47.csv,0
2000-05-15_10-05.csv,0
2000-05-18_08-57.csv,0
2000-05-19_14-11.csv,0
2000-05-20_04-25.csv,0
2000-05-21_09-19.csv,0
2000-05-22_00-20.csv,0
2000-05-23_19-48.csv,0
2000-05-26_10-27.csv,0
2000-05-28_08-54.csv,0
2000-06-01_05-07.csv,0
2000-06-02_02-23.csv,0
2000-06-02_17-48.csv,0
2000-06-04_21-02.csv,0
2000-06-05_12-51.csv,0
2000-06-06_11-00.csv,0
2000-06-07_01-35.csv,1
2000-06-10_06-05.csv,1
2000-06-11_09-38.csv,0
2000-06-12_00-29.csv,0
2000-06-15_04-19.csv,0
2000-06-16_19-00.csv,0
2000-06-18_00-52.csv,0
2000-06-20_18-21.csv,0
2000-06-23_03-00.csv,0
2000-06-24_23-35.csv,0
2000-06-24_23-59.csv,0
2000-06-25_12-53.csv,0
2000-06-27_11-40.csv,0
2000-06-28_11-15.csv,0
2000-06-29_06-45.csv,0
2000-07-01_11-14.csv,0
2000-07-01_22-17.csv,0
2000-07-07_09-56.csv,0
2000-07-08_06-29.csv,0
2000-07-09_06-15.csv,0
2000-07-12_07-40.csv,0
2000-07-13_22-45.csv,1
2000-07-20_02-46.csv,0
2000-07-22_01-20.csv,1
2000-07-23_08-51.csv,0
2000-07-25_01-43.csv,0
2000-07-27_03-06.csv,0
2000-07-27_15-43.csv,0
2000-07-27_22-50.csv,1
2000-07-30_10-59.csv,0
2000-08-02_07-05.csv,0
2000-08-08_10-05.csv,0
2000-08-11_04-50.csv,1
2000-08-12_01-09.csv,0
2000-08-12_12-45.csv,0
2000-08-14_03-56.csv,0
2000-08-24_07-45.csv,0
2000-08-25_13-21.csv,0
2000-08-27_16-33.csv,0
2000-09-01_17-05.csv,0
2000-09-04_00-03.csv,0
2000-09-04_23-02.csv,0
2000-09-07_19-32.csv,0
2000-09-09_07-28.csv,0
2000-09-12_04-00.csv,1
2000-09-18_22-47.csv,0
2000-09-22_22-42.csv,0
2000-09-23_20-35.csv,0
2000-09-24_23-41.csv,0
2000-09-26_18-49.csv,0
2000-09-30_16-38.csv,0
2000-10-02_16-53.csv,0
2000-10-09_22-19.csv,0
2000-10-12_19-26.csv,0
2000-10-14_07-31.csv,0
2000-10-15_23-25.csv,1
2000-10-21_17-13.csv,0
2000-10-25_12-40.csv,1
2000-10-26_10-31.csv,0
2000-10-27_10-14.csv,0
2000-10-29_23-40.csv,0
2000-10-31_01-51.csv,0
2000-11-07_10-55.csv,0
2000-11-08_08-48.csv,0
2000-11-08_11-50.csv,1
2000-11-14_06-52.csv,0
2000-11-15_23-20.csv,0
2000-11-18_09-51.csv,0
2000-11-19_01-01.csv,0
2000-11-19_22-52.csv,0
2000-11-21_18-13.csv,0
2000-11-22_15-16.csv,0
2000-11-23_13-19.csv,0
2000-11-23_20-00.csv,1
2000-11-24_03-20.csv,1
2000-11-25_12-05.csv,1
2000-11-29_05-19.csv,0
2000-11-30_08-00.csv,0
2000-11-30_19-27.csv,0
2000-12-06_14-12.csv,0
2000-12-12_13-37.csv,0
2000-12-14_14-18.csv,0
2000-12-18_10-03.csv,0
2000-12-19_09-03.csv,0
2000-12-24_00-01.csv,0
2000-12-26_10-18.csv,0
2000-12-27_14-30.csv,0
2000-12-29_01-10.csv,0
2000-12-29_17-42.csv,0
2001-01-02_06-44.csv,0
2001-01-03_22-42.csv,0
2001-01-05_17-23.csv,0
2001-01-09_05-45.csv,0
2001-01-10_09-12.csv,0
2001-01-14_01-46.csv,0
2001-01-15_14-56.csv,0
2001-01-19_15-25.csv,0
2001-01-20_17-33.csv,0
2001-01-21_07-20.csv,0
2001-01-21_22-08.csv,0
2001-01-23_23-38.csv,0
2001-01-25_06-07.csv,0
2001-01-26_04-53.csv,0
2001-01-28_08-25.csv,1
2001-02-01_06-07.csv,0
2001-02-02_22-48.csv,0
2001-02-05_14-05.csv,0
2001-02-10_23-57.csv,0
2001-02-21_13-11.csv,0
2001-02-25_21-00.csv,0
2001-03-06_09-04.csv,0
2001-03-07_18-19.csv,0
2001-03-08_10-13.csv,0
2001-03-10_15-15.csv,0
2001-03-20_01-06.csv,0
2001-03-22_00-52.csv,0
2001-03-24_00-33.csv,0
2001-03-24_18-35.csv,0
2001-03-26_06-45.csv,0
2001-03-29_04-35.csv,1
2001-03-31_10-00.csv,0
2001-04-01_09-55.csv,0
2001-04-01_23-20.csv,0
2001-04-02_11-40.csv,1
2001-04-06_16-51.csv,0
2001-04-09_00-59.csv,0
2001-04-09_04-05.csv,0
2001-04-09_20-50.csv,1
2001-04-11_23-20.csv,1
2001-04-14_16-15.csv,0
2001-04-15_02-10.csv,1
2001-04-17_15-15.csv,1
2001-04-22_19-37.csv,0
2001-04-27_16-30.csv,1
2001-04-27_18-06.csv,0
2001-05-01_17-58.csv,0
2001-05-05_07-42.csv,0
2001-05-06_18-31.csv,0
2001-05-07_07-15.csv,1
2001-05-10_13-48.csv,0
2001-05-12_21-42.csv,0
2001-05-15_01-53.csv,0
2001-05-16_09-35.csv,0
2001-05-17_15-46.csv,0
2001-05-19_13-33.csv,0
2001-05-19_18-55.csv,0
2001-05-20_08-12.csv,0
2001-05-21_02-11.csv,0
2001-05-24_18-30.csv,0
2001-06-04_07-03.csv,0
2001-06-04_21-34.csv,0
2001-06-07_19-03.csv,0
2001-06-08_14-58.csv,0
2001-06-09_23-57.csv,0
2001-06-11_04-33.csv,0
2001-06-12_06-11.csv,0
2001-06-12_20-18.csv,0
2001-06-14_08-33.csv,0
2001-06-15_05-50.csv,1
2001-06-18_18-59.csv,0
2001-06-22_17-22.csv,0
2001-06-24_03-46.csv,0
2001-06-26_10-50.csv,0
2001-07-07_02-22.csv,0
2001-07-14_20-26.csv,0
2001-07-16_02-13.csv,0
2001-07-19_08-52.csv,0
2001-07-21_04-02.csv,0
2001-07-28_12-41.csv,0
2001-07-30_19-36.csv,0
2001-08-03_02-02.csv,0
2001-08-04_08-44.csv,0
2001-08-05_14-22.csv,0
2001-08-07_06-26.csv,0
2001-08-08_23-32.csv,0
2001-08-09_17-22.csv,0
2001-08-09_22-20.csv,1
2001-08-14_08-34.csv,0
2001-08-15_13-35.csv,1
2001-08-21_20-51.csv,0
2001-08-24_07-48.csv,0
2001-08-24_19-05.csv,0
2001-08-27_05-31.csv,0
2001-08-27_21-36.csv,0
2001-08-30_16-45.csv,0
2001-08-31_09-35.csv,0
2001-09-02_04-54.csv,0
2001-09-04_14-12.csv,0
2001-09-07_00-05.csv,0
2001-09-07_14-26.csv,0
2001-09-08_18-00.csv,0
2001-09-12_20-05.csv,0
2001-09-13_14-57.csv,0
2001-09-14_20-41.csv,0
2001-09-15_02-35.csv,1
2001-09-17_07-18.csv,0
2001-09-19_05-59.csv,0
2001-09-20_17-12.csv,0
2001-09-21_05-44.csv,0
2001-09-22_05-38.csv,0
2001-09-23_10-31.csv,0
2001-09-24_00-15.csv,1
2001-10-01_01-20.csv,1
2001-10-06_04-19.csv,0
2001-10-09_05-00.csv,0
2001-10-09_06-24.csv,0
2001-10-12_02-06.csv,0
2001-10-14_19-42.csv,0
2001-10-16_18-19.csv,0
2001-10-17_10-16.csv,0
2001-10-18_12-46.csv,0
2001-10-18_13-55.csv,0
2001-10-19_07-35.csv,1
2001-10-21_03-33.csv,0
2001-10-21_23-22.csv,0
2001-10-22_07-10.csv,1
2001-10-24_16-54.csv,0
2001-10-25_09-39.csv,0
2001-10-27_07-05.csv,0
2001-10-27_15-00.csv,0
2001-10-31_06-34.csv,0
2001-11-04_05-05.csv,1
2001-11-10_18-47.csv,0
2001-11-12_06-52.csv,0
2001-11-13_05-22.csv,0
2001-11-14_20-43.csv,0
2001-11-18_08-14.csv,0
2001-11-19_00-30.csv,1
2001-11-21_17-05.csv,0
2001-11-22_11-20.csv,1
2001-11-22_13-05.csv,1
2001-11-27_09-20.csv,0
2001-11-28_14-38.csv,0
2001-11-30_00-00.csv,0
2001-11-30_13-02.csv,0
2001-12-02_13-09.csv,0
2001-12-03_17-29.csv,0
2001-12-06_07-13.csv,0
2001-12-07_07-04.csv,0
2001-12-08_05-02.csv,0
2001-12-09_14-33.csv,0
2001-12-10_08-31.csv,0
2001-12-10_21-39.csv,0
2001-12-11_04-15.csv,0
2001-12-11_13-42.csv,0
2001-12-12_18-00.csv,0
2001-12-15_11-39.csv,0
2001-12-16_00-14.csv,0
2001-12-19_16-01.csv,0
2001-12-20_03-32.csv,0
2001-12-23_10-00.csv,0
2001-12-23_22-08.csv,0
2001-12-24_12-50.csv,0
2001-12-25_18-05.csv,1
2001-12-28_17-10.csv,1
2001-12-30_09-20.csv,1
2002-01-04_16-43.csv,0
2002-01-06_13-38.csv,0
2002-01-08_17-14.csv,0
2002-01-09_10-01.csv,0
2002-01-10_08-27.csv,0
2002-01-10_08-45.csv,1
2002-01-14_13-21.csv,0
2002-01-15_02-35.csv,1
2002-01-16_07-00.csv,0
2002-01-19_09-00.csv,0
2002-01-22_07-52.csv,0
2002-01-24_02-25.csv,0
2002-01-25_01-18.csv,0
2002-01-25_21-14.csv,0
2002-01-26_18-26.csv,0
2002-01-27_01-55.csv,0
2002-01-28_02-00.csv,0
2002-01-28_16-49.csv,0
2002-01-30_15-37.csv,0
2002-01-31_13-36.csv,0
2002-02-04_00-48.csv,0
2002-02-04_17-58.csv,0
2002-02-06_03-33.csv,0
2002-02-10_17-40.csv,0
2002-02-13_05-57.csv,0
2002-02-18_19-18.csv,0
2002-02-19_19-30.csv,1
2002-02-20_01-44.csv,0
2002-02-21_08-25.csv,0
2002-02-23_21-46.csv,0
2002-02-24_19-31.csv,0
2002-02-25_23-39.csv,0
2002-02-27_14-50.csv,0
2002-02-28_18-05.csv,0
2002-03-07_19-46.csv,0
2002-03-08_15-47.csv,0
2002-03-09_17-31.csv,0
2002-03-10_21-21.csv,0
2002-03-12_22-01.csv,0
2002-03-13_21-03.csv,0
2002-03-16_20-20.csv,1
2002-03-17_09-11.csv,0
2002-03-17_18-45.csv,1
2002-03-20_03-10.csv,1
2002-03-22_05-09.csv,0
2002-03-22_08-20.csv,1
2002-03-25_09-31.csv,0
2002-03-28_16-52.csv,0
2002-03-29_11-39.csv,0
2002-03-30_06-02.csv,0
2002-03-31_09-39.csv,0
2002-04-01_23-30.csv,0
2002-04-04_03-23.csv,0
2002-04-06_05-04.csv,0
2002-04-07_02-20.csv,0
2002-04-08_19-39.csv,0
2002-04-10_11-23.csv,0
2002-04-11_15-16.csv,0
2002-04-12_12-05.csv,0
2002-04-14_02-21.csv,0
2002-04-14_20-04.csv,0
2002-04-15_22-05.csv,0
2002-04-16_09-37.csv,0
2002-04-16_23-35.csv,0
2002-04-17_03-30.csv,1
2002-04-18_05-36.csv,0
2002-04-18_17-00.csv,0
2002-04-20_14-25.csv,1
2002-04-29_23-26.csv,0
2002-05-02_20-06.csv,0
2002-05-04_01-45.csv,0
2002-05-06_22-53.csv,0
2002-05-11_01-44.csv,0
2002-05-15_07-00.csv,0
2002-05-16_23-55.csv,0
2002-05-20_09-14.csv,0
2002-05-21_20-20.csv,0
2002-05-22_05-55.csv,1
2002-05-27_17-00.csv,0
2002-05-29_01-15.csv,0
2002-05-30_03-24.csv,0
2002-05-30_16-11.csv,0
2002-06-01_02-50.csv,0
2002-06-02_09-02.csv,0
2002-06-23_01-15.csv,0
2002-07-02_19-19.csv,0
2002-07-05_06-56.csv,0
2002-07-06_02-28.csv,0
2002-07-07_06-30.csv,1
2002-07-08_08-10.csv,0
2002-07-08_22-09.csv,0
2002-07-11_13-15.csv,0
2002-07-12_22-54.csv,0
2002-07-15_10-39.csv,0
2002-07-16_05-50.csv,1
2002-07-18_22-08.csv,0
2002-07-18_22-50.csv,1
2002-07-20_11-37.csv,0
2002-07-21_02-07.csv,0
2002-07-21_18-25.csv,1
2002-07-27_23-18.csv,0
2002-07-31_00-39.csv,0
2002-08-01_14-51.csv,0
2002-08-02_09-48.csv,0
2002-08-02_21-50.csv,0
2002-08-03_17-59.csv,0
2002-08-05_20-14.csv,0
2002-08-06_11-53.csv,0
2002-08-11_10-37.csv,0
2002-08-13_17-52.csv,0
2002-08-13_21-00.csv,1
2002-08-14_13-01.csv,0
2002-08-15_05-01.csv,0
2002-08-16_06-05.csv,0
2002-08-16_21-07.csv,0
2002-08-17_19-39.csv,0
2002-08-18_10-00.csv,0
2002-08-19_09-28.csv,0
2002-08-19_21-00.csv,0
2002-08-21_16-40.csv,1
2002-08-23_13-40.csv,1
2002-08-26_15-15.csv,0
2002-08-27_11-25.csv,0
2002-08-28_14-48.csv,0
2002-08-31_02-36.csv,0
2002-08-31_15-11.csv,0
2002-09-01_08-30.csv,0
2002-09-02_23-21.csv,0
2002-09-05_19-40.csv,0
2002-09-06_15-23.csv,0
2002-09-06_16-40.csv,1
2002-09-08_00-35.csv,0
2002-09-09_16-40.csv,0
2002-09-10_13-49.csv,0
2002-09-15_16-29.csv,0
2002-09-17_05-11.csv,0
2002-09-20_04-08.csv,0
2002-09-27_02-20.csv,0
2002-09-29_05-32.csv,0
2002-10-03_01-15.csv,0
2002-10-03_23-39.csv,0
2002-10-05_09-39.csv,0
2002-10-13_22-42.csv,0
2002-10-15_13-08.csv,0
2002-10-16_02-10.csv,0
2002-10-16_14-51.csv,0
2002-10-19_00-10.csv,0
2002-10-19_21-46.csv,0
2002-10-21_20-01.csv,0
2002-10-22_14-29.csv,0
2002-10-24_17-02.csv,0
2002-10-25_16-23.csv,0
2002-10-28_11-00.csv,0
2002-10-29_02-01.csv,0
2002-10-29_14-19.csv,0
2002-10-30_03-02.csv,0
2002-10-31_08-18.csv,0
2002-11-01_06-40.csv,0
2002-11-01_09-31.csv,0
2002-11-03_04-51.csv,0
2002-11-05_11-53.csv,0
2002-11-06_22-08.csv,0
2002-11-08_16-57.csv,0
2002-11-09_07-20.csv,1
2002-11-11_06-25.csv,0
2002-11-12_16-58.csv,0
2002-11-13_22-03.csv,0
2002-11-14_12-40.csv,0
2002-11-15_21-55.csv,0
2002-11-16_12-54.csv,0
2002-11-17_11-29.csv,0
2002-11-18_15-52.csv,0
2002-11-20_16-15.csv,0
2002-11-21_09-59.csv,0
2002-11-24_17-40.csv,0
2002-11-24_19-14.csv,0
2002-11-27_01-06.csv,0
2002-11-28_09-47.csv,0
2002-12-02_18-19.csv,0
2002-12-03_07-11.csv,0
2002-12-04_21-41.csv,0
2002-12-10_11-19.csv,0
2002-12-11_13-02.csv,0
2002-12-12_11-33.csv,0
2002-12-13_12-25.csv,0
2002-12-16_10-07.csv,0
2002-12-17_18-23.csv,0
2002-12-19_12-00.csv,0
2002-12-20_07-20.csv,0
2002-12-22_01-14.csv,0
2003-01-07_06-29.csv,0
2003-01-07_22-25.csv,0
2003-01-09_00-27.csv,0
2003-01-12_13-12.csv,0
2003-01-14_05-20.csv,0
2003-01-21_01-23.csv,0
2003-01-21_13-59.csv,0
2003-01-22_03-35.csv,0
2003-01-23_03-25.csv,0
2003-01-24_02-12.csv,0
2003-02-01_07-48.csv,0
2003-02-06_02-30.csv,0
2003-02-12_00-42.csv,0
2003-02-14_08-07.csv,0
2003-03-15_19-00.csv,0
2003-03-17_15-35.csv,0
2003-03-18_23-13.csv,0
2003-03-29_09-11.csv,0
2003-04-03_09-13.csv,0
2003-04-04_18-05.csv,0
2003-04-05_08-09.csv,0
2003-04-09_08-22.csv,0
2003-04-09_22-23.csv,0
2003-04-11_06-23.csv,0
2003-04-18_18-50.csv,0
2003-04-21_11-54.csv,0
2003-04-22_23-39.csv,0
2003-04-23_14-36.csv,0
2003-04-24_03-48.csv,0
2003-04-25_04-23.csv,0
2003-04-25_18-45.csv,0
2003-04-29_03-32.csv,0
2003-05-02_01-47.csv,0
2003-05-26_04-34.csv,0
2003-05-28_11-40.csv,1
2003-05-30_05-39.csv,0
2003-05-30_16-25.csv,1
2003-05-31_15-20.csv,0
2003-06-06_22-31.csv,0
2003-06-08_10-37.csv,0
2003-06-09_10-21.csv,0
2003-06-13_19-12.csv,0
2003-06-15_22-25.csv,0
2003-06-18_12-15.csv,1
2003-06-29_23-03.csv,0
2003-07-02_06-06.csv,0
2003-07-04_13-35.csv,0
2003-07-05_23-06.csv,0
2003-07-09_20-59.csv,0
2003-07-10_12-54.csv,0
2003-07-12_17-57.csv,0
2003-07-13_23-58.csv,0
2003-07-17_07-17.csv,0
2003-07-29_00-28.csv,0
2003-07-30_03-04.csv,0
2003-08-02_22-41.csv,0
2003-08-05_11-43.csv,0
2003-08-14_05-11.csv,0
2003-08-14_22-54.csv,0
2003-08-19_06-38.csv,0
2003-09-16_20-30.csv,0
2003-09-28_14-25.csv,0
2003-10-01_03-44.csv,0
2003-10-02_05-49.csv,0
2003-10-04_14-42.csv,0
2003-10-18_21-14.csv,0
2003-10-20_05-45.csv,0
2003-10-20_21-00.csv,0
2003-10-21_18-22.csv,0
2003-10-22_12-45.csv,0
2003-10-25_21-26.csv,0
2003-10-26_06-25.csv,1
2003-10-28_00-15.csv,1
2003-10-29_09-45.csv,1
2003-11-01_07-39.csv,0
2003-11-01_22-55.csv,1
2003-11-02_05-20.csv,1
2003-11-04_10-25.csv,1
2003-11-11_12-21.csv,0
2003-11-13_03-54.csv,0
2003-11-16_09-10.csv,0
2003-11-17_00-28.csv,0
2003-11-18_00-34.csv,0
2003-11-18_21-15.csv,0
2003-11-19_20-20.csv,0
2003-11-20_18-08.csv,0
2003-11-21_09-45.csv,1
2003-11-27_06-41.csv,0
2003-12-02_01-25.csv,1
2003-12-06_09-58.csv,0
2003-12-17_01-55.csv,0
2003-12-18_08-19.csv,0
2003-12-19_07-05.csv,0
2003-12-23_09-14.csv,0
2003-12-26_09-23.csv,0
2003-12-31_17-21.csv,0
2004-01-04_23-06.csv,0
2004-01-06_05-13.csv,0
2004-01-07_02-43.csv,0
2004-01-08_03-53.csv,0
2004-01-09_00-13.csv,0
2004-01-10_03-12.csv,0
2004-01-17_16-35.csv,0
2004-01-19_04-25.csv,0
2004-01-20_06-29.csv,0
2004-01-25_21-23.csv,0
2004-02-04_10-12.csv,0
2004-02-08_19-24.csv,0
2004-02-09_09-51.csv,0
2004-02-25_11-11.csv,0
2004-02-26_00-50.csv,0
2004-02-26_13-09.csv,0
2004-03-05_07-51.csv,0
2004-03-06_11-08.csv,0
2004-03-18_04-08.csv,0
2004-03-18_21-26.csv,0
2004-03-21_08-39.csv,0
2004-03-22_04-48.csv,0
2004-03-24_19-07.csv,0
2004-03-29_22-19.csv,0
2004-03-31_19-02.csv,0
2004-04-05_04-37.csv,0
2004-04-06_11-30.csv,0
2004-04-08_08-53.csv,0
2004-04-10_23-35.csv,1
2004-04-15_15-37.csv,0
2004-04-22_01-03.csv,0
2004-04-23_06-43.csv,0
2004-04-25_00-38.csv,0
2004-05-01_14-26.csv,0
2004-05-02_10-06.csv,0
2004-05-13_12-24.csv,0
2004-05-17_03-11.csv,0
2004-05-21_22-35.csv,0
2004-05-30_23-07.csv,0
2004-06-13_10-27.csv,0
2004-06-26_05-53.csv,0
2004-07-12_06-36.csv,0
2004-07-12_23-09.csv,0
2004-07-14_17-12.csv,0
2004-07-15_17-15.csv,0
2004-07-18_13-09.csv,0
2004-07-20_10-01.csv,0
2004-07-21_23-14.csv,0
2004-07-22_06-30.csv,0
2004-07-22_21-40.csv,0
2004-07-23_16-07.csv,0
2004-07-24_17-40.csv,0
2004-07-25_06-25.csv,1
2004-07-27_18-59.csv,0
2004-07-28_07-03.csv,0
2004-07-28_22-45.csv,0
2004-07-31_08-45.csv,0
2004-08-11_10-35.csv,0
2004-08-12_03-38.csv,0
2004-08-12_15-11.csv,0
2004-08-18_15-21.csv,0
2004-08-19_05-35.csv,0
2004-08-31_04-24.csv,0
2004-09-10_15-02.csv,0
2004-09-12_00-36.csv,0
2004-09-13_09-05.csv,1
2004-09-19_07-25.csv,1
2004-09-21_07-30.csv,0
2004-10-20_09-43.csv,0
2004-10-20_23-18.csv,0
2004-10-21_18-24.csv,0
2004-10-22_06-52.csv,0
2004-10-23_15-22.csv,0
2004-10-24_19-17.csv,0
2004-10-25_09-15.csv,0
2004-10-29_22-15.csv,0
2004-10-29_23-39.csv,0
2004-10-31_18-55.csv,1
2004-11-02_00-34.csv,0
2004-11-03_00-23.csv,0
2004-11-04_07-45.csv,0
2004-11-04_20-42.csv,0
2004-11-05_10-23.csv,0
2004-11-06_14-41.csv,0
2004-11-07_07-10.csv,1
2004-11-08_05-20.csv,1
2004-11-09_08-00.csv,1
2004-11-09_15-05.csv,1
2004-11-23_14-02.csv,0
2004-11-24_16-18.csv,0
2004-12-01_06-00.csv,0
2004-12-03_01-30.csv,0
2004-12-27_23-04.csv,0
2004-12-28_16-41.csv,0
2004-12-29_14-57.csv,0
2004-12-30_09-34.csv,0
2004-12-30_21-02.csv,0
2004-12-31_13-38.csv,0
2005-01-04_09-53.csv,0
2005-01-09_07-25.csv,0
2005-01-13_21-36.csv,0
2005-01-14_19-55.csv,0
2005-01-15_14-10.csv,1
2005-01-17_00-25.csv,1
2005-01-19_18-40.csv,1
2005-01-23_00-28.csv,0
2005-02-04_22-45.csv,0
2005-02-19_09-36.csv,0
2005-03-10_10-36.csv,0
2005-05-02_20-13.csv,0
2005-05-05_19-09.csv,0
2005-05-06_10-35.csv,0
2005-05-06_15-03.csv,0
2005-05-07_06-57.csv,0
2005-05-09_09-37.csv,0
2005-05-10_04-03.csv,0
2005-05-11_05-11.csv,0
2005-05-13_17-25.csv,1
2005-05-15_21-27.csv,0
2005-05-17_01-31.csv,0
2005-05-26_19-57.csv,0
2005-06-01_01-36.csv,0
2005-06-01_21-03.csv,0
2005-06-03_03-03.csv,0
2005-06-03_22-47.csv,0
2005-06-14_14-22.csv,0
2005-06-16_10-00.csv,1
2005-07-07_15-07.csv,0
2005-07-09_15-00.csv,0
2005-07-10_14-08.csv,0
2005-07-11_13-56.csv,0
2005-07-12_06-57.csv,0
2005-07-13_14-45.csv,1
2005-07-14_02-00.csv,1
2005-07-17_05-35.csv,1
2005-07-26_08-55.csv,0
2005-07-27_11-00.csv,1
2005-08-01_12-00.csv,0
2005-08-02_11-38.csv,0
2005-08-04_04-25.csv,0
2005-08-21_14-25.csv,0
2005-08-21_23-44.csv,0
2005-08-22_08-40.csv,1
2005-08-25_03-31.csv,0
2005-08-28_09-17.csv,0
2005-08-29_20-48.csv,0
2005-09-06_18-32.csv,0
2005-09-07_11-34.csv,0
2005-09-07_14-25.csv,1
2005-09-13_09-41.csv,0
2005-09-13_12-40.csv,1
2005-09-16_13-36.csv,0
2005-11-12_18-25.csv,0
2005-11-14_02-55.csv,0
2005-11-15_16-22.csv,0
2005-11-17_23-24.csv,0
2005-11-30_16-46.csv,0
2005-12-01_07-15.csv,0
2005-12-02_01-42.csv,0
2006-04-05_14-14.csv,0
2006-04-06_04-22.csv,0
2006-04-06_19-33.csv,0
2006-04-07_06-57.csv,0
2006-04-26_12-42.csv,0
2006-04-27_14-22.csv,0
2006-07-05_22-15.csv,0
2006-11-06_16-43.csv,0
2006-11-07_12-25.csv,0
2006-12-05_06-45.csv,0
2006-12-06_00-30.csv,0
2006-12-06_03-55.csv,1
2006-12-06_06-55.csv,1
2006-12-12_15-10.csv,1
2006-12-14_10-55.csv,1
2007-01-25_05-33.csv,0
2007-05-02_22-28.csv,0
2007-06-01_05-46.csv,0
2007-06-03_00-51.csv,0
2007-06-04_04-06.csv,0
2007-06-05_14-29.csv,0
2007-06-06_15-55.csv,0
2007-06-09_12-30.csv,0
2007-07-10_06-08.csv,0
2007-12-30_23-37.csv,0
2008-03-25_17-36.csv,0
2009-12-18_17-48.csv,0
2009-12-22_03-50.csv,0
2009-12-23_09-09.csv,0
2010-01-19_12-03.csv,0
2010-02-06_17-47.csv,0
2010-02-08_02-08.csv,0
2010-02-12_06-18.csv,0
2010-02-13_11-28.csv,0
2010-05-05_10-37.csv,0
2010-05-08_03-51.csv,0
2010-06-11_23-30.csv,0
2010-06-13_04-30.csv,0
2010-08-03_02-45.csv,0
2010-08-07_16-55.csv,0
2010-08-14_00-30.csv,1
2010-08-17_19-20.csv,0
2010-10-16_18-07.csv,0
2010-11-04_22-30.csv,0
2010-11-05_11-43.csv,0
2010-11-06_14-27.csv,0
2011-01-27_13-00.csv,0
2011-02-09_00-23.csv,0
2011-02-13_16-28.csv,0
2011-02-14_17-00.csv,0
2011-02-15_18-30.csv,0
2011-02-18_05-27.csv,0
2011-02-19_07-00.csv,0
2011-02-21_09-08.csv,0
2011-02-24_06-23.csv,0
2011-02-28_11-38.csv,0
2011-03-01_01-30.csv,0
2011-03-06_09-31.csv,0
2011-03-07_04-00.csv,0
2011-03-07_12-45.csv,1
2011-03-10_21-34.csv,0
2011-03-12_03-33.csv,0
2011-03-13_12-25.csv,0
2011-03-14_18-30.csv,0
2011-03-20_15-25.csv,0
2011-03-21_07-40.csv,1
2011-03-23_01-03.csv,0
2011-03-24_11-01.csv,0
2011-03-25_22-08.csv,0
2011-04-15_16-02.csv,0
2011-04-21_08-38.csv,0
2011-04-22_03-35.csv,0
2011-05-01_22-25.csv,0
2011-05-28_02-04.csv,0
2011-05-28_20-09.csv,0
2011-05-29_09-08.csv,0
2011-06-04_18-10.csv,0
2011-06-06_20-05.csv,1
2011-06-11_01-00.csv,0
2011-06-14_20-36.csv,0
2011-06-16_08-00.csv,0
2011-06-16_09-13.csv,0
2011-06-21_00-22.csv,0
2011-07-27_14-48.csv,0
2011-07-29_15-34.csv,0
2011-08-01_19-00.csv,0
2011-08-03_02-08.csv,0
2011-08-03_18-35.csv,1
2011-08-08_06-20.csv,0
2011-08-08_20-45.csv,1
2011-08-08_21-00.csv,0
2011-08-10_09-21.csv,0
2011-08-11_08-34.csv,0
2011-09-04_00-01.csv,0
2011-09-04_22-58.csv,0
2011-09-05_13-45.csv,0
2011-09-06_13-30.csv,0
2011-09-06_21-12.csv,0
2011-09-07_21-32.csv,0
2011-09-08_14-32.csv,0
2011-09-09_05-01.csv,0
2011-09-10_06-18.csv,0
2011-09-11_07-41.csv,0
2011-09-12_19-30.csv,0
2011-09-14_19-42.csv,0
2011-09-15_23-03.csv,0
2011-09-16_10-30.csv,0
2011-09-19_06-19.csv,0
2011-09-20_04-00.csv,0
2011-09-21_11-04.csv,0
2011-09-22_03-20.csv,0
2011-09-22_23-29.csv,0
2011-09-23_09-00.csv,1
2011-09-27_19-44.csv,0
2011-09-28_11-26.csv,0
2011-09-30_02-37.csv,0
2011-09-30_17-55.csv,0
2011-10-01_07-56.csv,0
2011-10-01_23-37.csv,0
2011-10-02_16-19.csv,0
2011-10-04_07-56.csv,0
2011-10-05_09-43.csv,0
2011-10-16_14-04.csv,0
2011-10-20_02-10.csv,0
2011-10-21_11-53.csv,0
2011-10-23_03-00.csv,1
2011-10-31_13-55.csv,0
2011-11-02_16-10.csv,0
2011-11-03_09-58.csv,0
2011-11-03_11-35.csv,0
2011-11-03_21-56.csv,0
2011-11-04_19-31.csv,0
2011-11-09_12-04.csv,0
2011-11-10_17-20.csv,0
2011-11-15_08-03.csv,0
2011-11-17_06-16.csv,0
2011-11-20_15-35.csv,0
2011-11-25_23-25.csv,1
2011-12-05_22-20.csv,0
2011-12-14_13-51.csv,0
2011-12-20_21-38.csv,0
2011-12-25_06-55.csv,0
2011-12-25_10-20.csv,0
2011-12-26_19-12.csv,0
2011-12-28_13-17.csv,0
2011-12-31_12-09.csv,0
2012-01-02_08-00.csv,0
2012-01-14_12-14.csv,0
2012-01-16_01-36.csv,0
2012-01-17_03-41.csv,0
2012-01-18_18-04.csv,0
2012-01-19_07-20.csv,0
2012-01-21_06-00.csv,0
2012-01-22_01-32.csv,0
2012-01-22_17-30.csv,1
2012-01-27_07-05.csv,1
2012-02-06_18-31.csv,0
2012-02-07_15-11.csv,0
2012-02-11_08-55.csv,0
2012-02-24_09-30.csv,0
2012-03-02_16-29.csv,0
2012-03-04_11-10.csv,0
2012-03-05_01-30.csv,0
2012-03-05_14-24.csv,0
2012-03-06_17-00.csv,1
2012-03-13_06-10.csv,1
2012-03-15_06-23.csv,0
2012-03-17_19-32.csv,0
2012-03-23_15-31.csv,0
2012-03-24_07-39.csv,0
2012-03-29_07-30.csv,0
2012-04-16_16-24.csv,0
2012-04-18_11-32.csv,0
2012-04-19_10-05.csv,0
2012-04-27_07-15.csv,0
2012-04-30_09-37.csv,0
2012-05-05_08-30.csv,0
2012-05-06_16-41.csv,0
2012-05-08_12-02.csv,0
2012-05-09_11-21.csv,0
2012-05-10_19-20.csv,0
2012-05-11_16-31.csv,0
2012-05-13_06-21.csv,0
2012-05-16_14-15.csv,1
2012-05-26_17-05.csv,1
2012-06-03_16-48.csv,0
2012-06-06_18-54.csv,0
2012-06-07_14-29.csv,0
2012-06-08_01-51.csv,0
2012-06-09_10-20.csv,0
2012-06-10_05-39.csv,0
2012-06-13_10-29.csv,0
2012-06-16_07-25.csv,1
2012-06-28_15-07.csv,0
2012-06-30_11-48.csv,0
2012-07-01_14-41.csv,0
2012-07-03_13-36.csv,0
2012-07-06_16-00.csv,1
2012-07-07_22-56.csv,0
2012-07-08_13-10.csv,1
2012-07-09_22-03.csv,0
2012-07-11_07-24.csv,0
2012-07-12_06-35.csv,1
2012-07-16_18-19.csv,0
2012-07-17_05-05.csv,1
2012-07-18_18-40.csv,1
2012-07-23_03-45.csv,1
2012-07-27_16-17.csv,0
2012-07-28_19-44.csv,0
2012-07-30_12-55.csv,0
2012-08-02_02-15.csv,0
2012-08-05_23-39.csv,0
2012-08-09_10-36.csv,0
2012-08-11_10-55.csv,0
2012-08-17_12-12.csv,0
2012-08-30_07-31.csv,0
2012-09-01_01-35.csv,1
2012-09-05_02-38.csv,0
2012-09-06_03-06.csv,0
2012-09-06_14-13.csv,0
2012-09-08_16-35.csv,0
2012-09-09_20-50.csv,0
2012-09-10_22-42.csv,0
2012-09-27_15-00.csv,1
2012-09-30_03-27.csv,0
2012-09-30_20-16.csv,0
2012-10-08_10-05.csv,0
2012-10-09_22-22.csv,0
2012-10-12_07-08.csv,0
2012-10-17_06-52.csv,0
2012-10-20_17-05.csv,0
2012-10-21_18-46.csv,0
2012-10-22_14-52.csv,0
2012-11-08_00-00.csv,0
2012-11-08_01-08.csv,0
2012-11-11_01-11.csv,0
2012-11-12_22-13.csv,0
2012-11-13_19-50.csv,0
2012-11-15_03-22.csv,0
2012-11-16_14-34.csv,0
2012-11-19_01-20.csv,0
2012-11-20_11-36.csv,0
2012-11-21_05-45.csv,0
2012-11-27_14-52.csv,0
2012-11-28_20-20.csv,0
2012-12-13_18-15.csv,0
2013-01-05_08-26.csv,0
2013-01-10_16-33.csv,0
2013-01-11_05-07.csv,0
2013-01-12_23-45.csv,0
2013-01-14_00-15.csv,0
2013-01-16_10-35.csv,0
2013-02-03_04-56.csv,0
2013-02-05_07-12.csv,0
2013-02-05_23-04.csv,0
2013-02-17_14-45.csv,0
2013-02-20_10-08.csv,0
2013-03-05_06-47.csv,0
2013-03-16_07-05.csv,1
2013-03-21_20-42.csv,0
2013-04-05_16-34.csv,0
2013-04-10_22-20.csv,1
2013-04-12_18-52.csv,0
2013-04-18_16-56.csv,0
2013-04-20_21-00.csv,0
2013-04-22_09-22.csv,0
2013-04-23_13-05.csv,0
2013-04-24_11-00.csv,0
2013-04-26_05-20.csv,0
2013-05-01_00-20.csv,0
2013-05-01_13-07.csv,0
2013-05-02_03-58.csv,0
2013-05-03_15-39.csv,0
2013-05-04_23-45.csv,0
2013-05-05_16-42.csv,0
2013-05-09_21-52.csv,0
2013-05-10_11-37.csv,0
2013-05-11_18-35.csv,0
2013-05-12_19-17.csv,0
2013-05-13_06-00.csv,0
2013-05-15_01-30.csv,1
2013-05-19_14-07.csv,0
2013-05-20_04-16.csv,0
2013-05-22_03-05.csv,1
2013-05-31_18-52.csv,0
2013-06-03_06-03.csv,0
2013-06-05_07-14.csv,0
2013-06-07_21-11.csv,0
2013-06-19_08-33.csv,0
2013-06-21_02-00.csv,0
2013-06-23_08-10.csv,1
2013-06-24_10-27.csv,0
2013-06-28_02-31.csv,0
2013-07-02_16-45.csv,0
2013-07-03_18-59.csv,0
2013-07-04_18-35.csv,0
2013-07-05_11-55.csv,0
2013-07-06_23-53.csv,0
2013-07-08_00-13.csv,0
2013-07-29_22-07.csv,0
2013-08-11_20-24.csv,0
2013-08-12_09-21.csv,0
2013-08-17_09-00.csv,0
2013-08-17_17-49.csv,0
2013-08-20_04-00.csv,0
2013-08-30_01-04.csv,0
2013-09-29_17-05.csv,1
2013-10-07_02-58.csv,0
2013-10-09_00-23.csv,0
2013-10-11_06-01.csv,0
2013-10-12_23-12.csv,0
2013-10-14_11-56.csv,0
2013-10-16_13-26.csv,0
2013-10-17_14-09.csv,0
2013-10-18_14-15.csv,0
2013-10-21_23-14.csv,0
2013-10-22_13-49.csv,0
2013-10-23_10-11.csv,0
2013-10-25_01-48.csv,0
2013-10-27_11-36.csv,0
2013-10-27_18-00.csv,0
2013-10-29_09-02.csv,0
2013-10-29_14-00.csv,0
2013-10-31_12-36.csv,0
2013-11-01_18-46.csv,0
2013-11-01_19-00.csv,0
2013-11-02_21-13.csv,0
2013-11-03_15-22.csv,0
2013-11-05_07-12.csv,0
2013-11-06_13-00.csv,0
2013-11-07_02-34.csv,0
2013-11-08_03-20.csv,0
2013-11-09_21-05.csv,0
2013-11-10_23-26.csv,0
2013-11-12_21-49.csv,0
2013-11-13_13-57.csv,0
2013-11-15_01-20.csv,0
2013-11-16_03-47.csv,0
2013-11-17_04-06.csv,0
2013-11-18_12-32.csv,0
2013-11-19_00-00.csv,0
2013-11-20_15-57.csv,0
2013-11-21_09-52.csv,0
2013-11-23_01-20.csv,0
2013-12-03_23-20.csv,0
2013-12-04_19-14.csv,0
2013-12-05_16-35.csv,0
2013-12-07_06-17.csv,0
2013-12-13_18-00.csv,0
2013-12-19_22-06.csv,0
2013-12-20_10-35.csv,0
2013-12-21_09-27.csv,0
2013-12-22_07-05.csv,0
2013-12-25_20-00.csv,0
2013-12-28_09-50.csv,1
2013-12-29_06-49.csv,0
2013-12-31_09-23.csv,0
2013-12-31_20-45.csv,0
2014-01-01_14-40.csv,0
2014-01-03_11-41.csv,0
2014-01-04_09-16.csv,0
2014-01-05_14-11.csv,0
2014-01-05_21-15.csv,1
2014-01-07_07-55.csv,1
2014-01-13_20-48.csv,0
2014-01-16_20-21.csv,0
2014-01-17_08-15.csv,0
2014-01-18_10-57.csv,0
2014-01-26_09-05.csv,0
2014-01-27_00-05.csv,0
2014-01-30_05-33.csv,0
2014-01-31_14-32.csv,0
2014-02-02_00-07.csv,0
2014-02-03_11-43.csv,0
2014-02-05_15-11.csv,0
2014-02-06_21-56.csv,0
2014-02-08_17-25.csv,0
2014-02-09_14-40.csv,0
2014-02-11_02-22.csv,0
2014-02-12_02-52.csv,0
2014-02-16_08-20.csv,0
2014-02-17_01-51.csv,0
2014-02-17_21-00.csv,0
2014-02-18_21-00.csv,0
2014-02-19_20-50.csv,1
2014-02-22_14-07.csv,0
2014-02-23_04-50.csv,0
2014-02-24_10-03.csv,0
2014-02-25_02-10.csv,1
2014-03-02_22-11.csv,0
2014-03-03_14-54.csv,0
2014-03-04_03-49.csv,0
2014-03-05_01-06.csv,0
2014-03-08_22-26.csv,0
2014-03-12_21-28.csv,0
2014-03-13_18-03.csv,0
2014-03-15_16-06.csv,0
2014-03-16_05-37.csv,0
2014-03-19_06-26.csv,0
2014-03-20_00-52.csv,0
2014-03-22_05-58.csv,0
2014-03-24_18-00.csv,0
2014-03-28_18-04.csv,0
2014-03-29_06-00.csv,0
2014-03-30_10-48.csv,0
2014-04-02_12-18.csv,0
2014-04-04_12-34.csv,0
2014-04-11_10-17.csv,0
2014-04-14_03-18.csv,0
2014-04-15_08-15.csv,0
2014-04-16_11-42.csv,0
2014-04-18_03-25.csv,1
2014-04-22_10-29.csv,0
2014-04-24_23-17.csv,0
2014-05-04_11-22.csv,0
2014-05-05_17-10.csv,0
2014-05-06_21-01.csv,0
2014-05-07_15-07.csv,0
2014-05-08_08-59.csv,0
2014-05-09_13-50.csv,0
2014-05-10_05-51.csv,0
2014-05-11_03-33.csv,0
2014-05-13_20-53.csv,0
2014-05-14_11-59.csv,0
2014-05-22_02-04.csv,0
2014-05-24_17-26.csv,0
2014-06-03_02-58.csv,0
2014-06-06_18-26.csv,0
2014-06-09_11-24.csv,0
2014-06-10_10-36.csv,0
2014-06-11_04-30.csv,0
2014-06-11_19-53.csv,0
2014-06-13_19-13.csv,0
2014-06-14_18-23.csv,0
2014-06-15_22-50.csv,0
2014-07-01_06-16.csv,0
2014-07-08_15-06.csv,0
2014-07-10_20-00.csv,0
2014-07-13_07-43.csv,0
2014-07-30_15-00.csv,0
2014-07-31_10-01.csv,0
2014-07-31_23-12.csv,0
2014-08-01_13-43.csv,0
2014-08-21_12-19.csv,0
2014-08-23_16-19.csv,0
2014-08-24_11-00.csv,0
2014-08-25_06-00.csv,0
2014-08-25_19-06.csv,0
2014-08-31_11-07.csv,0
2014-09-01_06-00.csv,0
2014-09-03_12-20.csv,0
2014-09-04_12-10.csv,0
2014-09-05_05-16.csv,0
2014-09-06_07-04.csv,0
2014-09-07_18-29.csv,0
2014-09-08_22-12.csv,0
2014-09-10_14-40.csv,1
2014-09-14_01-03.csv,0
2014-09-17_18-26.csv,0
2014-09-18_06-02.csv,0
2014-09-23_22-03.csv,0
2014-09-24_16-45.csv,0
2014-09-26_03-19.csv,0
2014-09-26_15-13.csv,0
2014-09-27_07-32.csv,0
2014-09-28_01-39.csv,0
2014-10-01_01-40.csv,0
2014-10-02_16-10.csv,0
2014-10-03_05-36.csv,0
2014-10-09_00-30.csv,0
2014-10-14_17-21.csv,0
2014-10-16_06-31.csv,0
2014-10-17_03-55.csv,0
2014-10-18_06-02.csv,0
2014-10-18_18-54.csv,0
2014-10-20_04-37.csv,0
2014-10-21_09-46.csv,0
2014-10-23_08-44.csv,0
2014-10-24_06-37.csv,0
2014-10-24_20-07.csv,0
2014-10-29_02-29.csv,0
2014-11-01_15-37.csv,0
2014-11-02_09-10.csv,1
2014-11-02_19-44.csv,0
2014-11-03_10-23.csv,0
2014-11-05_08-26.csv,0
2014-11-06_20-53.csv,0
2014-11-09_14-24.csv,0
2014-11-11_10-15.csv,0
2014-11-13_04-58.csv,0
2014-11-15_10-40.csv,0
2014-11-16_16-35.csv,0
2014-11-17_07-52.csv,0
2014-11-20_05-31.csv,0
2014-11-21_23-54.csv,0
2014-11-26_23-39.csv,0
2014-11-27_23-29.csv,0
2014-11-29_07-16.csv,0
2014-12-01_05-26.csv,0
2014-12-02_14-39.csv,0
2014-12-04_07-00.csv,0
2014-12-05_10-33.csv,0
2014-12-09_07-22.csv,0
2014-12-13_04-13.csv,0
2014-12-13_12-55.csv,0
2014-12-14_03-17.csv,0
2014-12-14_18-25.csv,0
2014-12-16_23-57.csv,0
2014-12-18_11-43.csv,0
2014-12-19_08-31.csv,0
2014-12-20_20-00.csv,0
2014-12-21_01-05.csv,0
2014-12-22_00-33.csv,0
2014-12-22_12-00.csv,1
2014-12-26_17-00.csv,0
2015-01-03_08-40.csv,0
2015-01-04_14-18.csv,0
2015-01-05_16-34.csv,0
2015-01-06_04-16.csv,0
2015-01-09_07-04.csv,0
2015-01-12_03-26.csv,0
2015-01-13_03-13.csv,0
2015-01-14_02-34.csv,0
2015-01-21_10-32.csv,0
2015-01-22_03-43.csv,0
2015-01-26_15-46.csv,0
2015-01-27_07-00.csv,0
2015-01-28_03-21.csv,0
2015-01-28_20-32.csv,0
2015-02-04_01-08.csv,0
2015-02-09_21-19.csv,0
2015-02-12_01-03.csv,0
2015-02-20_22-00.csv,0
2015-03-01_14-33.csv,0
2015-03-02_05-31.csv,0
2015-03-05_16-06.csv,0
2015-03-06_03-14.csv,0
2015-03-07_20-45.csv,0
2015-03-09_13-22.csv,0
2015-03-10_22-46.csv,0
2015-03-13_19-36.csv,0
2015-03-14_14-00.csv,0
2015-03-15_08-36.csv,0
2015-03-15_13-00.csv,0
2015-03-16_09-39.csv,0
2015-03-17_21-49.csv,0
2015-03-19_23-57.csv,0
2015-03-25_03-36.csv,0
2015-04-08_13-37.csv,0
2015-04-09_17-51.csv,0
2015-04-10_06-57.csv,0
2015-04-12_07-51.csv,0
2015-04-15_19-13.csv,0
2015-04-21_06-08.csv,0
2015-04-21_18-00.csv,0
2015-04-23_08-18.csv,0
2015-05-03_23-43.csv,0
2015-05-05_08-42.csv,0
2015-05-06_10-45.csv,0
2015-05-09_00-12.csv,0
2015-05-11_16-00.csv,0
2015-05-13_17-09.csv,0
2015-06-04_08-36.csv,0
2015-06-10_01-14.csv,0
2015-06-11_07-49.csv,0
2015-06-12_22-32.csv,0
2015-06-13_23-52.csv,0
2015-06-17_21-25.csv,1
2015-06-17_23-18.csv,0
2015-06-19_08-19.csv,0
2015-06-20_05-28.csv,0
2015-06-21_00-02.csv,0
2015-06-21_08-35.csv,1
2015-06-25_14-30.csv,1
2015-07-01_06-00.csv,0
2015-07-03_11-47.csv,0
2015-07-06_07-24.csv,0
2015-07-06_19-32.csv,0
2015-08-21_00-56.csv,0
2015-08-22_05-39.csv,0
2015-08-24_06-08.csv,0
2015-08-26_12-41.csv,0
2015-08-27_03-48.csv,0
2015-08-28_01-42.csv,0
2015-08-30_01-01.csv,0
2015-09-16_18-08.csv,0
2015-09-17_20-07.csv,0
2015-09-20_03-55.csv,0
2015-09-20_06-00.csv,0
2015-09-21_04-11.csv,0
2015-09-27_09-20.csv,0
2015-09-30_08-30.csv,0
2015-10-01_01-04.csv,0
2015-10-01_23-06.csv,0
2015-10-04_01-34.csv,0
2015-10-13_13-05.csv,0
2015-10-15_22-27.csv,0
2015-10-17_17-39.csv,0
2015-10-21_03-29.csv,0
2015-10-21_16-48.csv,0
2015-10-22_02-00.csv,0
2015-10-28_17-50.csv,1
2015-10-30_18-57.csv,0
2015-10-31_16-48.csv,0
2015-11-01_16-34.csv,0
2015-11-04_02-20.csv,0
2015-11-09_04-00.csv,0
2015-11-23_00-09.csv,0
2015-12-08_17-59.csv,0
2015-12-12_12-36.csv,0
2015-12-16_07-34.csv,0
2015-12-20_21-33.csv,0
2015-12-22_23-23.csv,0
2015-12-24_00-49.csv,0
2015-12-25_15-59.csv,0
2015-12-26_04-01.csv,0
2015-12-27_23-18.csv,0
2015-12-28_02-00.csv,0
2015-12-28_14-23.csv,0
2015-12-29_09-11.csv,0
2016-01-01_16-30.csv,1
2016-01-28_10-48.csv,0
2016-02-11_19-18.csv,0
2016-02-12_09-36.csv,0
2016-02-13_14-16.csv,0
2016-02-14_08-52.csv,0
2016-02-15_09-41.csv,0
2016-02-17_03-54.csv,0
2016-02-17_17-06.csv,0
2016-03-15_19-00.csv,0
2016-04-17_20-00.csv,0
2016-05-14_10-28.csv,0
2016-05-15_05-00.csv,0
2016-06-11_20-59.csv,0
2016-07-09_23-53.csv,0
2016-07-16_05-57.csv,0
2016-07-17_20-31.csv,0
2016-07-20_23-42.csv,0
2016-07-22_05-34.csv,0
2016-07-22_18-00.csv,0
2016-07-23_00-46.csv,0
2016-07-24_05-09.csv,0
2016-08-07_13-37.csv,0
2016-08-08_23-34.csv,0
2016-11-29_06-03.csv,0
2017-01-21_06-14.csv,0
2017-04-01_20-35.csv,0
2017-04-03_12-18.csv,0
2017-06-01_00-12.csv,0
2017-06-02_16-50.csv,0
2017-07-03_14-37.csv,0
2017-07-09_02-09.csv,0
2017-07-13_19-01.csv,0
2017-07-13_21-00.csv,1
2017-07-24_15-00.csv,0
2017-08-19_19-54.csv,0
2017-08-20_18-20.csv,0
2017-08-27_14-11.csv,0
2017-09-02_14-26.csv,0
2017-09-04_04-36.csv,0
2017-09-04_12-40.csv,1
2017-09-06_00-35.csv,1
2017-09-06_07-57.csv,0
2017-09-09_21-04.csv,0
2017-09-10_04-45.csv,1
2017-10-20_22-10.csv,0
2018-02-07_12-31.csv,0
