time_tag,p3_flux_ic,p5_flux_ic,p7_flux_ic,short,long
1999-06-10 14:15:00,0.211,0.0528,0.0208,3.529411764705882e-09,8.214285714285714e-07
1999-06-10 14:16:00,0.2336,0.05266,0.0208,3.835294117647059e-09,8.157142857142858e-07
1999-06-10 14:17:00,0.2562,0.05252,0.0208,3.729411764705883e-09,8.157142857142858e-07
1999-06-10 14:18:00,0.2788,0.05238,0.0208,3.529411764705882e-09,8.114285714285715e-07
1999-06-10 14:19:00,0.3014,0.05224,0.0208,3.4941176470588237e-09,8.057142857142857e-07
1999-06-10 14:20:00,0.324,0.0521,0.0208,3.682352941176471e-09,8.057142857142857e-07
1999-06-10 14:21:00,0.318,0.05768,0.02094,4.211764705882353e-09,8.128571428571429e-07
1999-06-10 14:22:00,0.312,0.06326,0.0210799999999999,4.447058823529411e-09,8.242857142857144e-07
1999-06-10 14:23:00,0.306,0.06884,0.02122,4.905882352941177e-09,8.414285714285714e-07
1999-06-10 14:24:00,0.3,0.07442,0.0213599999999999,5.870588235294118e-09,8.514285714285715e-07
1999-06-10 14:25:00,0.294,0.08,0.0215,5.6235294117647054e-09,8.542857142857143e-07
1999-06-10 14:26:00,0.25234,0.07228,0.0213599999999999,6.164705882352941e-09,8.542857142857143e-07
1999-06-10 14:27:00,0.2106799999999999,0.06456,0.02122,6.647058823529412e-09,8.614285714285715e-07
1999-06-10 14:28:00,0.16902,0.05684,0.0210799999999999,7.435294117647058e-09,8.714285714285715e-07
1999-06-10 14:29:00,0.12736,0.04912,0.02094,7.670588235294118e-09,8.814285714285715e-07
1999-06-10 14:30:00,0.0857,0.0414,0.0208,8.6e-09,9.000000000000001e-07
1999-06-10 14:31:00,0.12136,0.0516999999999999,0.02386,9.941176470588236e-09,9.271428571428572e-07
1999-06-10 14:32:00,0.15702,0.062,0.02692,1.0176470588235294e-08,9.442857142857144e-07
1999-06-10 14:33:00,0.19268,0.0723,0.02998,1.1105882352941178e-08,9.642857142857142e-07
1999-06-10 14:34:00,0.22834,0.0826,0.03304,1.1764705882352942e-08,9.785714285714287e-07
1999-06-10 14:35:00,0.264,0.0929,0.0361,1.2352941176470589e-08,1.0014285714285716e-06
1999-06-10 14:36:00,0.2378,0.09162,0.04206,1.3647058823529413e-08,1.0157142857142856e-06
1999-06-10 14:37:00,0.2116,0.0903399999999999,0.04802,1.4117647058823533e-08,1.032857142857143e-06
1999-06-10 14:38:00,0.1854,0.08906,0.05398,1.4823529411764708e-08,1.0471428571428572e-06
1999-06-10 14:39:00,0.1592,0.08778,0.05994,1.6352941176470588e-08,1.068571428571429e-06
1999-06-10 14:40:00,0.133,0.0865,0.0659,1.8117647058823527e-08,1.0985714285714286e-06
1999-06-10 14:41:00,0.128,0.07836,0.05688,1.9294117647058823e-08,1.127142857142857e-06
1999-06-10 14:42:00,0.123,0.07022,0.04786,2.1411764705882355e-08,1.1528571428571429e-06
1999-06-10 14:43:00,0.118,0.0620799999999999,0.03884,2.2588235294117648e-08,1.1857142857142855e-06
1999-06-10 14:44:00,0.113,0.05394,0.02982,2.376470588235294e-08,1.2071428571428572e-06
1999-06-10 14:45:00,0.108,0.0458,0.0208,2.447058823529412e-08,1.232857142857143e-06
1999-06-10 14:46:00,0.1544,0.0537,0.02382,2.5764705882352945e-08,1.25e-06
1999-06-10 14:47:00,0.2008,0.0616,0.02684,2.694117647058824e-08,1.27e-06
1999-06-10 14:48:00,0.2472,0.0695,0.02986,2.741176470588236e-08,1.2757142857142857e-06
1999-06-10 14:49:00,0.2936,0.0774,0.03288,2.8352941176470596e-08,1.2885714285714287e-06
1999-06-10 14:50:00,0.34,0.0853,0.0359,2.8823529411764708e-08,1.3085714285714287e-06
1999-06-10 14:51:00,0.3038,0.07652,0.03288,2.988235294117647e-08,1.3214285714285715e-06
1999-06-10 14:52:00,0.2676,0.06774,0.02986,3.0117647058823535e-08,1.342857142857143e-06
1999-06-10 14:53:00,0.2314,0.05896,0.02684,3.0941176470588234e-08,1.382857142857143e-06
1999-06-10 14:54:00,0.1952,0.05018,0.02382,3.188235294117647e-08,1.4285714285714286e-06
1999-06-10 14:55:00,0.159,0.0414,0.0208,3.2e-08,1.4571428571428571e-06
1999-06-10 14:56:00,0.1558,0.0529,0.02468,3.1647058823529415e-08,1.4714285714285716e-06
1999-06-10 14:57:00,0.1525999999999999,0.0644,0.02856,3.082352941176471e-08,1.442857142857143e-06
1999-06-10 14:58:00,0.1494,0.0759,0.03244,3.023529411764706e-08,1.442857142857143e-06
1999-06-10 14:59:00,0.1462,0.0874,0.03632,2.917647058823529e-08,1.442857142857143e-06
1999-06-10 15:00:00,0.143,0.0989,0.0402,2.8235294117647065e-08,1.442857142857143e-06
1999-06-10 15:01:00,0.1389999999999999,0.09314,0.04206,2.988235294117647e-08,1.4714285714285716e-06
1999-06-10 15:02:00,0.1349999999999999,0.08738,0.04392,3.4235294117647056e-08,1.542857142857143e-06
1999-06-10 15:03:00,0.131,0.08162,0.04578,4.058823529411765e-08,1.6285714285714288e-06
1999-06-10 15:04:00,0.127,0.07586,0.04764,4.011764705882353e-08,1.657142857142857e-06
1999-06-10 15:05:00,0.123,0.0701,0.0495,3.51764705882353e-08,1.6142857142857144e-06
1999-06-10 15:06:00,0.1466,0.07608,0.05426,3.129411764705882e-08,1.5714285714285717e-06
1999-06-10 15:07:00,0.1702,0.08206,0.05902,2.941176470588235e-08,1.5285714285714283e-06
1999-06-10 15:08:00,0.1938,0.08804,0.06378,2.7764705882352943e-08,1.5e-06
1999-06-10 15:09:00,0.2173999999999999,0.09402,0.06854,2.741176470588236e-08,1.5e-06
1999-06-10 15:10:00,0.241,0.1,0.0733,2.7294117647058825e-08,1.4857142857142858e-06
1999-06-10 15:11:00,0.2261999999999999,0.09836,0.07292,2.7647058823529412e-08,1.4857142857142858e-06
1999-06-10 15:12:00,0.2114,0.09672,0.07254,2.8117647058823534e-08,1.4857142857142858e-06
1999-06-10 15:13:00,0.1966,0.09508,0.07216,2.7294117647058825e-08,1.4714285714285716e-06
1999-06-10 15:14:00,0.1818,0.09344,0.07178,2.5882352941176477e-08,1.4571428571428571e-06
1999-06-10 15:15:00,0.167,0.0918,0.0714,2.4588235294117653e-08,1.442857142857143e-06
1999-06-10 15:16:00,0.15074,0.08172,0.06128,2.341176470588236e-08,1.4257142857142855e-06
1999-06-10 15:17:00,0.13448,0.07164,0.05116,2.2588235294117648e-08,1.4185714285714287e-06
1999-06-10 15:18:00,0.1182199999999999,0.06156,0.04104,2.2588235294117648e-08,1.4185714285714287e-06
1999-06-10 15:19:00,0.10196,0.05148,0.03092,2.2e-08,1.3985714285714287e-06
1999-06-10 15:20:00,0.0857,0.0414,0.0208,1.9882352941176472e-08,1.3700000000000002e-06
1999-06-10 15:21:00,0.09556,0.05058,0.02464,1.8352941176470596e-08,1.335714285714286e-06
1999-06-10 15:22:00,0.10542,0.05976,0.02848,1.6705882352941175e-08,1.3e-06
1999-06-10 15:23:00,0.11528,0.06894,0.03232,1.4941176470588236e-08,1.2642857142857143e-06
1999-06-10 15:24:00,0.12514,0.07812,0.03616,1.3882352941176472e-08,1.2385714285714288e-06
1999-06-10 15:25:00,0.135,0.0873,0.04,1.3411764705882352e-08,1.212857142857143e-06
1999-06-10 15:26:00,0.1428,0.08168,0.03972,1.223529411764706e-08,1.1857142857142855e-06
1999-06-10 15:27:00,0.1506,0.07606,0.03944,1.1494117647058824e-08,1.1585714285714289e-06
1999-06-10 15:28:00,0.1583999999999999,0.07044,0.03916,1.0223529411764709e-08,1.1342857142857143e-06
1999-06-10 15:29:00,0.1662,0.06482,0.03888,9.470588235294118e-09,1.1142857142857143e-06
1999-06-10 15:30:00,0.174,0.0592,0.0386,9.211764705882352e-09,1.0942857142857145e-06
1999-06-10 15:31:00,0.1659999999999999,0.06354,0.04296,8.847058823529413e-09,1.0742857142857145e-06
1999-06-10 15:32:00,0.158,0.06788,0.04732,8.2e-09,1.0542857142857142e-06
1999-06-10 15:33:00,0.15,0.07222,0.05168,8.011764705882353e-09,1.032857142857143e-06
1999-06-10 15:34:00,0.142,0.07656,0.05604,7.0941176470588245e-09,1.0142857142857144e-06
1999-06-10 15:35:00,0.134,0.0809,0.0604,6.929411764705882e-09,9.957142857142856e-07
1999-06-10 15:36:00,0.136,0.073,0.05248,6.411764705882353e-09,9.771428571428573e-07
1999-06-10 15:37:00,0.138,0.0650999999999999,0.04456,5.6235294117647054e-09,9.585714285714289e-07
1999-06-10 15:38:00,0.1399999999999999,0.0572,0.03664,5.4352941176470594e-09,9.485714285714288e-07
1999-06-10 15:39:00,0.142,0.0493,0.02872,5.8000000000000015e-09,9.314285714285714e-07
1999-06-10 15:40:00,0.144,0.0414,0.0208,5.376470588235294e-09,9.22857142857143e-07
1999-06-10 15:41:00,0.1417999999999999,0.04568,0.0219,5.0117647058823526e-09,9.142857142857144e-07
1999-06-10 15:42:00,0.1396,0.04996,0.023,5.6235294117647054e-09,9.02857142857143e-07
1999-06-10 15:43:00,0.1374,0.05424,0.0241,5.258823529411764e-09,8.957142857142857e-07
1999-06-10 15:44:00,0.1352,0.0585199999999999,0.0252,4.9882352941176485e-09,8.842857142857144e-07
1999-06-10 15:45:00,0.133,0.0628,0.0263,4.552941176470588e-09,8.671428571428571e-07
1999-06-10 15:46:00,0.1468,0.0621599999999999,0.02882,4.1999999999999996e-09,8.542857142857143e-07
1999-06-10 15:47:00,0.1606,0.06152,0.03134,4.082352941176471e-09,8.457142857142858e-07
1999-06-10 15:48:00,0.1744,0.06088,0.03386,4.023529411764706e-09,8.314285714285714e-07
1999-06-10 15:49:00,0.1882,0.06024,0.0363799999999999,3.764705882352941e-09,8.214285714285714e-07
1999-06-10 15:50:00,0.202,0.0596,0.0389,3.741176470588235e-09,8.157142857142858e-07
1999-06-10 15:51:00,0.196,0.0562,0.03528,4e-09,8.142857142857144e-07
1999-06-10 15:52:00,0.19,0.0528,0.03166,3.564705882352941e-09,8.085714285714285e-07
1999-06-10 15:53:00,0.184,0.0494,0.02804,3.411764705882353e-09,8.057142857142857e-07
1999-06-10 15:54:00,0.178,0.046,0.0244199999999999,3.329411764705882e-09,7.942857142857143e-07
1999-06-10 15:55:00,0.172,0.0426,0.0208,3.5058823529411766e-09,7.857142857142858e-07
1999-06-10 15:56:00,0.1706,0.0438599999999999,0.0208,3.317647058823529e-09,7.785714285714286e-07
1999-06-10 15:57:00,0.1692,0.04512,0.0208,3.152941176470588e-09,7.742857142857143e-07
1999-06-10 15:58:00,0.1678,0.04638,0.0208,3.1411764705882353e-09,7.714285714285715e-07
1999-06-10 15:59:00,0.1664,0.04764,0.0208,2.9764705882352942e-09,7.671428571428571e-07
1999-06-10 16:00:00,0.165,0.0489,0.0208,3.058823529411764e-09,7.642857142857143e-07
1999-06-10 16:01:00,0.1718,0.05204,0.0254399999999999,3e-09,7.571428571428572e-07
1999-06-10 16:02:00,0.1786,0.05518,0.03008,3.152941176470588e-09,7.542857142857142e-07
1999-06-10 16:03:00,0.1854,0.05832,0.03472,3.011764705882353e-09,7.514285714285715e-07
1999-06-10 16:04:00,0.1922,0.06146,0.03936,2.835294117647059e-09,7.528571428571429e-07
1999-06-10 16:05:00,0.199,0.0646,0.044,2.952941176470588e-09,7.585714285714286e-07
1999-06-10 16:06:00,0.17682,0.05996,0.03936,3.117647058823529e-09,7.657142857142858e-07
1999-06-10 16:07:00,0.15464,0.05532,0.03472,3.1411764705882353e-09,7.728571428571429e-07
1999-06-10 16:08:00,0.13246,0.05068,0.0300799999999999,3.9764705882352945e-09,7.928571428571428e-07
1999-06-10 16:09:00,0.11028,0.04604,0.0254399999999999,4.447058823529411e-09,8.057142857142857e-07
1999-06-10 16:10:00,0.0881,0.0414,0.0208,4.541176470588236e-09,8.114285714285715e-07
1999-06-10 16:11:00,0.10028,0.05352,0.02708,4.317647058823529e-09,8.142857142857144e-07
1999-06-10 16:12:00,0.11246,0.06564,0.03336,4.117647058823529e-09,8.085714285714285e-07
1999-06-10 16:13:00,0.12464,0.07776,0.03964,4.176470588235294e-09,8.057142857142857e-07
1999-06-10 16:14:00,0.13682,0.0898799999999999,0.04592,4.505882352941177e-09,8.142857142857144e-07
1999-06-10 16:15:00,0.149,0.102,0.0522,5.223529411764707e-09,8.271428571428572e-07
1999-06-10 16:16:00,0.151,0.1042,0.05588,5.682352941176471e-09,8.428571428571429e-07
1999-06-10 16:17:00,0.153,0.1064,0.05956,6.4705882352941175e-09,8.528571428571429e-07
1999-06-10 16:18:00,0.155,0.1086,0.0632399999999999,6.5058823529411765e-09,8.614285714285715e-07
1999-06-10 16:19:00,0.157,0.1108,0.06692,5.976470588235294e-09,8.685714285714287e-07
1999-06-10 16:20:00,0.159,0.113,0.0706,6.811764705882353e-09,8.714285714285715e-07
1999-06-10 16:21:00,0.14434,0.09868,0.06064,1.0576470588235294e-08,9.114285714285714e-07
1999-06-10 16:22:00,0.12968,0.08436,0.0506799999999999,8.505882352941176e-09,9.000000000000001e-07
1999-06-10 16:23:00,0.11502,0.07004,0.0407199999999999,6.564705882352941e-09,8.728571428571428e-07
1999-06-10 16:24:00,0.10036,0.05572,0.0307599999999999,5.211764705882353e-09,8.514285714285715e-07
1999-06-10 16:25:00,0.0857,0.0414,0.0208,4.764705882352941e-09,8.414285714285714e-07
1999-06-10 16:26:00,0.10136,0.04792,0.0272999999999999,4.952941176470589e-09,8.385714285714286e-07
1999-06-10 16:27:00,0.11702,0.05444,0.0338,5.364705882352941e-09,8.414285714285714e-07
1999-06-10 16:28:00,0.13268,0.06096,0.0403,4.941176470588236e-09,8.328571428571429e-07
1999-06-10 16:29:00,0.14834,0.06748,0.0468,4.258823529411764e-09,8.271428571428572e-07
1999-06-10 16:30:00,0.164,0.074,0.0533,4.411764705882353e-09,8.157142857142858e-07
1999-06-10 16:31:00,0.1996,0.0932,0.05084,3.952941176470588e-09,8.071428571428572e-07
1999-06-10 16:32:00,0.2352,0.1124,0.04838,3.423529411764706e-09,7.971428571428572e-07
1999-06-10 16:33:00,0.2708,0.1316,0.04592,3.529411764705882e-09,7.871428571428572e-07
1999-06-10 16:34:00,0.3064,0.1508,0.04346,3.047058823529412e-09,7.785714285714286e-07
1999-06-10 16:35:00,0.342,0.17,0.041,3.329411764705882e-09,7.714285714285715e-07
1999-06-10 16:36:00,0.2986,0.15036,0.03892,2.694117647058824e-09,7.657142857142858e-07
1999-06-10 16:37:00,0.2552,0.13072,0.03684,2.8941176470588237e-09,7.642857142857143e-07
1999-06-10 16:38:00,0.2118,0.11108,0.03476,2.988235294117647e-09,7.614285714285715e-07
1999-06-10 16:39:00,0.1684,0.09144,0.03268,2.9764705882352942e-09,7.600000000000001e-07
1999-06-10 16:40:00,0.125,0.0718,0.0306,2.8941176470588237e-09,7.614285714285715e-07
1999-06-10 16:41:00,0.1606,0.0666,0.02864,2.9294117647058823e-09,7.642857142857143e-07
1999-06-10 16:42:00,0.1961999999999999,0.0614,0.02668,2.870588235294117e-09,7.614285714285715e-07
1999-06-10 16:43:00,0.2318,0.0562,0.02472,2.835294117647059e-09,7.585714285714286e-07
1999-06-10 16:44:00,0.2673999999999999,0.051,0.02276,2.988235294117647e-09,7.585714285714286e-07
1999-06-10 16:45:00,0.303,0.0458,0.0208,3.011764705882353e-09,7.571428571428572e-07
1999-06-10 16:46:00,0.2788,0.04632,0.02114,2.564705882352941e-09,7.600000000000001e-07
1999-06-10 16:47:00,0.2546,0.04684,0.02148,2.8941176470588237e-09,7.600000000000001e-07
1999-06-10 16:48:00,0.2304,0.04736,0.02182,2.835294117647059e-09,7.642857142857143e-07
1999-06-10 16:49:00,0.2062,0.04788,0.02216,3.08235294117647e-09,7.614285714285715e-07
1999-06-10 16:50:00,0.182,0.0484,0.0225,3.235294117647058e-09,7.642857142857143e-07
1999-06-10 16:51:00,0.1796,0.047,0.02216,3.164705882352941e-09,7.657142857142858e-07
1999-06-10 16:52:00,0.1772,0.0456,0.02182,3.011764705882353e-09,7.714285714285715e-07
1999-06-10 16:53:00,0.1748,0.0442,0.02148,3.894117647058824e-09,7.928571428571428e-07
1999-06-10 16:54:00,0.1724,0.0428,0.02114,3.964705882352941e-09,8.114285714285715e-07
1999-06-10 16:55:00,0.17,0.0414,0.0208,4.529411764705882e-09,8.242857142857144e-07
1999-06-10 16:56:00,0.24,0.05302,0.03092,5.6352941176470596e-09,8.485714285714287e-07
1999-06-10 16:57:00,0.31,0.06464,0.04104,5.1764705882352945e-09,8.542857142857143e-07
1999-06-10 16:58:00,0.38,0.07626,0.05116,4.435294117647059e-09,8.471428571428571e-07
1999-06-10 16:59:00,0.4499999999999999,0.08788,0.06128,4.670588235294118e-09,8.514285714285715e-07
1999-06-10 17:00:00,0.52,0.0995,0.0714,3.870588235294117e-09,8.328571428571429e-07
1999-06-10 17:01:00,0.4918,0.1096,0.07178,3.729411764705883e-09,8.185714285714285e-07
1999-06-10 17:02:00,0.4636,0.1197,0.07216,3.3411764705882355e-09,8.114285714285715e-07
1999-06-10 17:03:00,0.4354,0.1298,0.07254,3.117647058823529e-09,8.057142857142857e-07
1999-06-10 17:04:00,0.4072,0.1399,0.07292,3.2823529411764707e-09,8.028571428571429e-07
1999-06-10 17:05:00,0.379,0.15,0.0733,3.294117647058823e-09,8.000000000000001e-07
1999-06-10 17:06:00,0.3516,0.1331,0.06632,3.458823529411765e-09,7.957142857142858e-07
1999-06-10 17:07:00,0.3242,0.1162,0.05934,3.2e-09,7.928571428571428e-07
1999-06-10 17:08:00,0.2968,0.0993,0.05236,3.3411764705882355e-09,7.942857142857143e-07
1999-06-10 17:09:00,0.2694,0.0824,0.04538,3.435294117647059e-09,7.928571428571428e-07
1999-06-10 17:10:00,0.242,0.0655,0.0384,3.635294117647058e-09,7.928571428571428e-07
1999-06-10 17:11:00,0.2294,0.06282,0.0348799999999999,3.729411764705883e-09,7.942857142857143e-07
1999-06-10 17:12:00,0.2168,0.06014,0.03136,3.482352941176471e-09,7.928571428571428e-07
1999-06-10 17:13:00,0.2042,0.05746,0.0278399999999999,3.223529411764706e-09,7.857142857142858e-07
1999-06-10 17:14:00,0.1916,0.05478,0.0243199999999999,3.047058823529412e-09,7.785714285714286e-07
1999-06-10 17:15:00,0.179,0.0521,0.0208,2.788235294117647e-09,7.714285714285715e-07
1999-06-10 17:16:00,0.1842,0.051,0.0208,2.9294117647058823e-09,7.671428571428571e-07
1999-06-10 17:17:00,0.1893999999999999,0.0499,0.0208,2.870588235294117e-09,7.671428571428571e-07
1999-06-10 17:18:00,0.1946,0.0488,0.0208,2.9411764705882356e-09,7.685714285714286e-07
1999-06-10 17:19:00,0.1997999999999999,0.0477,0.0208,2.9294117647058823e-09,7.685714285714286e-07
1999-06-10 17:20:00,0.205,0.0466,0.0208,3.152941176470588e-09,7.671428571428571e-07
1999-06-10 17:21:00,0.1996,0.04556,0.0208,2.7411764705882355e-09,7.571428571428572e-07
1999-06-10 17:22:00,0.1941999999999999,0.04452,0.0208,2.8000000000000003e-09,7.542857142857142e-07
1999-06-10 17:23:00,0.1888,0.04348,0.0208,2.952941176470588e-09,7.614285714285715e-07
1999-06-10 17:24:00,0.1833999999999999,0.04244,0.0208,3.317647058823529e-09,7.642857142857143e-07
1999-06-10 17:25:00,0.178,0.0414,0.0208,3.435294117647059e-09,7.657142857142858e-07
1999-06-10 17:26:00,0.1603,0.04166,0.02106,3e-09,7.657142857142858e-07
1999-06-10 17:27:00,0.1426,0.04192,0.02132,2.964705882352941e-09,7.642857142857143e-07
1999-06-10 17:28:00,0.1248999999999999,0.04218,0.02158,3.6e-09,7.585714285714286e-07
1999-06-10 17:29:00,0.1071999999999999,0.04244,0.02184,3.152941176470588e-09,7.542857142857142e-07
1999-06-10 17:30:00,0.0895,0.0427,0.0221,2.858823529411765e-09,7.485714285714286e-07
1999-06-10 17:31:00,0.1033999999999999,0.04244,0.02184,2.6e-09,7.4e-07
1999-06-10 17:32:00,0.1173,0.04218,0.02158,2.5058823529411763e-09,7.357142857142858e-07
1999-06-10 17:33:00,0.1311999999999999,0.04192,0.02132,2.5411764705882353e-09,7.357142857142858e-07
1999-06-10 17:34:00,0.1451,0.04166,0.02106,2.341176470588235e-09,7.342857142857143e-07
1999-06-10 17:35:00,0.159,0.0414,0.0208,2.670588235294117e-09,7.342857142857143e-07
1999-06-10 17:36:00,0.1774,0.04492,0.0243199999999999,2.564705882352941e-09,7.371428571428572e-07
1999-06-10 17:37:00,0.1958,0.04844,0.0278399999999999,2.48235294117647e-09,7.357142857142858e-07
1999-06-10 17:38:00,0.2142,0.05196,0.03136,2.788235294117647e-09,7.514285714285715e-07
1999-06-10 17:39:00,0.2326,0.05548,0.0348799999999999,2.823529411764706e-09,7.5e-07
1999-06-10 17:40:00,0.251,0.059,0.0384,2.4470588235294115e-09,7.485714285714286e-07
1999-06-10 17:41:00,0.2652,0.0614199999999999,0.03952,3.6588235294117644e-09,7.642857142857143e-07
1999-06-10 17:42:00,0.2794,0.06384,0.0406399999999999,3.811764705882353e-09,7.714285714285715e-07
1999-06-10 17:43:00,0.2935999999999999,0.06626,0.04176,3.235294117647058e-09,7.714285714285715e-07
1999-06-10 17:44:00,0.3078,0.0686799999999999,0.0428799999999999,3.223529411764706e-09,7.657142857142858e-07
1999-06-10 17:45:00,0.322,0.0711,0.044,2.705882352941176e-09,7.528571428571429e-07
1999-06-10 17:46:00,0.2788,0.06872,0.04292,2.8117647058823527e-09,7.457142857142858e-07
1999-06-10 17:47:00,0.2356,0.06634,0.04184,2.670588235294117e-09,7.4e-07
1999-06-10 17:48:00,0.1924,0.06396,0.04076,2.235294117647059e-09,7.342857142857143e-07
1999-06-10 17:49:00,0.1492,0.06158,0.03968,2.235294117647059e-09,7.342857142857143e-07
1999-06-10 17:50:00,0.106,0.0592,0.0386,2.494117647058824e-09,7.3e-07
1999-06-10 17:51:00,0.1134,0.05564,0.03504,2.5058823529411763e-09,7.271428571428572e-07
1999-06-10 17:52:00,0.1207999999999999,0.05208,0.03148,2.305882352941176e-09,7.271428571428572e-07
1999-06-10 17:53:00,0.1281999999999999,0.04852,0.02792,2.188235294117647e-09,7.271428571428572e-07
1999-06-10 17:54:00,0.1356,0.04496,0.02436,2.211764705882353e-09,7.271428571428572e-07
1999-06-10 17:55:00,0.143,0.0414,0.0208,2.0941176470588235e-09,7.214285714285715e-07
1999-06-10 17:56:00,0.1432,0.0427,0.02122,2.0705882352941182e-09,7.171428571428572e-07
1999-06-10 17:57:00,0.1434,0.044,0.02164,2.105882352941176e-09,7.128571428571429e-07
1999-06-10 17:58:00,0.1435999999999999,0.0453,0.02206,2.2470588235294118e-09,7.1e-07
1999-06-10 17:59:00,0.1437999999999999,0.0465999999999999,0.02248,1.870588235294117e-09,7.1e-07
1999-06-10 18:00:00,0.144,0.0479,0.0229,2.0705882352941182e-09,7.114285714285715e-07
1999-06-10 18:01:00,0.1454,0.05764,0.03298,2.117647058823529e-09,7.142857142857143e-07
1999-06-10 18:02:00,0.1467999999999999,0.06738,0.04306,2.235294117647059e-09,7.128571428571429e-07
1999-06-10 18:03:00,0.1482,0.07712,0.05314,2.2235294117647056e-09,7.114285714285715e-07
1999-06-10 18:04:00,0.1495999999999999,0.08686,0.06322,2.270588235294118e-09,7.157142857142859e-07
1999-06-10 18:05:00,0.151,0.0966,0.0733,2.5529411764705886e-09,7.128571428571429e-07
1999-06-10 18:06:00,0.1447999999999999,0.0922,0.06294,2.211764705882353e-09,7.114285714285715e-07
1999-06-10 18:07:00,0.1386,0.0878,0.05258,2.0352941176470588e-09,7.1e-07
1999-06-10 18:08:00,0.1324,0.0834,0.04222,2.235294117647059e-09,7.071428571428572e-07
1999-06-10 18:09:00,0.1262,0.079,0.03186,2.2e-09,7.114285714285715e-07
1999-06-10 18:10:00,0.12,0.0746,0.0215,2.4e-09,7.114285714285715e-07
1999-06-10 18:11:00,0.126,0.08068,0.02546,2.011764705882353e-09,7.114285714285715e-07
1999-06-10 18:12:00,0.132,0.08676,0.02942,2.411764705882353e-09,7.2e-07
1999-06-10 18:13:00,0.138,0.09284,0.03338,2.635294117647059e-09,7.228571428571429e-07
1999-06-10 18:14:00,0.144,0.09892,0.03734,2.4470588235294115e-09,7.271428571428572e-07
1999-06-10 18:15:00,0.15,0.105,0.0413,2.835294117647059e-09,7.328571428571429e-07
1999-06-10 18:16:00,0.1878,0.1064,0.04088,2.6823529411764707e-09,7.328571428571429e-07
1999-06-10 18:17:00,0.2256,0.1077999999999999,0.04046,3.129411764705882e-09,7.328571428571429e-07
1999-06-10 18:18:00,0.2634,0.1092,0.04004,3.36470588235294e-09,7.342857142857143e-07
1999-06-10 18:19:00,0.3012,0.1106,0.03962,3.1411764705882353e-09,7.357142857142858e-07
1999-06-10 18:20:00,0.339,0.112,0.0392,3.2470588235294116e-09,7.371428571428572e-07
1999-06-10 18:21:00,0.3032,0.10694,0.0356799999999999,2.8117647058823527e-09,7.4e-07
1999-06-10 18:22:00,0.2674,0.10188,0.03216,2.964705882352941e-09,7.457142857142858e-07
1999-06-10 18:23:00,0.2316,0.09682,0.02864,3.223529411764706e-09,7.514285714285715e-07
1999-06-10 18:24:00,0.1958,0.09176,0.02512,3.564705882352941e-09,7.642857142857143e-07
1999-06-10 18:25:00,0.16,0.0867,0.0216,3.776470588235294e-09,7.728571428571429e-07
1999-06-10 18:26:00,0.166,0.07764,0.02144,4.0352941176470585e-09,7.742857142857143e-07
1999-06-10 18:27:00,0.172,0.06858,0.02128,3.270588235294117e-09,7.714285714285715e-07
1999-06-10 18:28:00,0.178,0.0595199999999999,0.02112,3.835294117647059e-09,7.742857142857143e-07
1999-06-10 18:29:00,0.184,0.05046,0.02096,4.0352941176470585e-09,7.871428571428572e-07
1999-06-10 18:30:00,0.19,0.0414,0.0208,4.28235294117647e-09,7.971428571428572e-07
1999-06-10 18:31:00,0.1816,0.04634,0.0219,3.835294117647059e-09,7.900000000000001e-07
1999-06-10 18:32:00,0.1732,0.05128,0.023,3.4470588235294118e-09,7.785714285714286e-07
1999-06-10 18:33:00,0.1648,0.05622,0.0241,3.047058823529412e-09,7.671428571428571e-07
1999-06-10 18:34:00,0.1563999999999999,0.06116,0.0252,3.0941176470588234e-09,7.657142857142858e-07
1999-06-10 18:35:00,0.148,0.0661,0.0263,3.423529411764706e-09,7.657142857142858e-07
1999-06-10 18:36:00,0.1426,0.06142,0.02546,2.8000000000000003e-09,7.685714285714286e-07
1999-06-10 18:37:00,0.1372,0.05674,0.02462,3.8e-09,7.871428571428572e-07
1999-06-10 18:38:00,0.1318,0.05206,0.02378,6.129411764705883e-09,8.157142857142858e-07
1999-06-10 18:39:00,0.1263999999999999,0.04738,0.02294,6.5058823529411765e-09,8.357142857142858e-07
1999-06-10 18:40:00,0.121,0.0427,0.0221,6.058823529411765e-09,8.457142857142858e-07
1999-06-10 18:41:00,0.1252,0.04544,0.02208,5.647058823529412e-09,8.428571428571429e-07
1999-06-10 18:42:00,0.1294,0.04818,0.02206,6.3764705882352945e-09,8.471428571428571e-07
1999-06-10 18:43:00,0.1336,0.05092,0.02204,9.611764705882352e-09,8.957142857142857e-07
1999-06-10 18:44:00,0.1377999999999999,0.05366,0.0220199999999999,1.4470588235294118e-08,9.657142857142857e-07
1999-06-10 18:45:00,0.142,0.0564,0.022,1.4941176470588236e-08,9.971428571428573e-07
1999-06-10 18:46:00,0.1402,0.0533999999999999,0.0217599999999999,1.4470588235294118e-08,1.0114285714285715e-06
1999-06-10 18:47:00,0.1384,0.0504,0.0215199999999999,1.3294117647058824e-08,1.0014285714285716e-06
1999-06-10 18:48:00,0.1366,0.0474,0.02128,1.1705882352941177e-08,9.885714285714286e-07
1999-06-10 18:49:00,0.1348,0.0443999999999999,0.02104,1.0152941176470589e-08,9.72857142857143e-07
1999-06-10 18:50:00,0.133,0.0414,0.0208,9.623529411764705e-09,9.585714285714289e-07
1999-06-10 18:51:00,0.1366,0.05452,0.0259399999999999,1.2470588235294118e-08,1.0071428571428572e-06
1999-06-10 18:52:00,0.1402,0.0676399999999999,0.03108,1.847058823529412e-08,1.1171428571428572e-06
1999-06-10 18:53:00,0.1438,0.08076,0.03622,1.8823529411764708e-08,1.1614285714285716e-06
1999-06-10 18:54:00,0.1474,0.0938799999999999,0.04136,1.847058823529412e-08,1.1771428571428572e-06
1999-06-10 18:55:00,0.151,0.107,0.0465,1.6e-08,1.1642857142857145e-06
1999-06-10 18:56:00,0.1546,0.10064,0.0471,1.423529411764706e-08,1.145714285714286e-06
1999-06-10 18:57:00,0.1582,0.09428,0.0477,1.4352941176470588e-08,1.145714285714286e-06
1999-06-10 18:58:00,0.1618,0.08792,0.0483,1.3411764705882352e-08,1.1328571428571429e-06
1999-06-10 18:59:00,0.1654,0.08156,0.0489,1.3058823529411765e-08,1.127142857142857e-06
1999-06-10 19:00:00,0.169,0.0752,0.0495,1.1494117647058824e-08,1.1057142857142858e-06
1999-06-10 19:01:00,0.1664,0.07604,0.04572,1.0576470588235294e-08,1.0842857142857144e-06
1999-06-10 19:02:00,0.1638,0.07688,0.04194,9.717647058823533e-09,1.0657142857142858e-06
1999-06-10 19:03:00,0.1612,0.07772,0.03816,9.011764705882354e-09,1.0414285714285714e-06
1999-06-10 19:04:00,0.1586,0.07856,0.03438,8.76470588235294e-09,1.0228571428571429e-06
1999-06-10 19:05:00,0.156,0.0794,0.0306,8.988235294117647e-09,1.02e-06
1999-06-10 19:06:00,0.1558,0.07596,0.02998,8.623529411764706e-09,1.0157142857142856e-06
1999-06-10 19:07:00,0.1556,0.07252,0.02936,9.211764705882352e-09,1.02e-06
1999-06-10 19:08:00,0.1554,0.06908,0.0287399999999999,1.0411764705882353e-08,1.0414285714285714e-06
1999-06-10 19:09:00,0.1552,0.06564,0.02812,1.788235294117647e-08,1.1114285714285714e-06
1999-06-10 19:10:00,0.155,0.0622,0.0275,2.0823529411764706e-08,1.1528571428571429e-06
1999-06-10 19:11:00,0.14114,0.05804,0.02616,1.5058823529411764e-08,1.1114285714285714e-06
1999-06-10 19:12:00,0.12728,0.05388,0.02482,9.811764705882354e-09,1.0585714285714286e-06
1999-06-10 19:13:00,0.1134199999999999,0.04972,0.02348,8.517647058823529e-09,1.032857142857143e-06
1999-06-10 19:14:00,0.09956,0.04556,0.02214,7.823529411764705e-09,1.0085714285714286e-06
1999-06-10 19:15:00,0.0857,0.0414,0.0208,7.823529411764705e-09,9.957142857142856e-07
1999-06-10 19:16:00,0.11916,0.0468,0.0262,8.011764705882353e-09,9.971428571428573e-07
1999-06-10 19:17:00,0.15262,0.0521999999999999,0.0316,7.952941176470589e-09,9.92857142857143e-07
1999-06-10 19:18:00,0.18608,0.0576,0.037,7.435294117647058e-09,9.857142857142855e-07
1999-06-10 19:19:00,0.21954,0.063,0.0424,6.964705882352942e-09,9.72857142857143e-07
1999-06-10 19:20:00,0.253,0.0684,0.0478,6.011764705882353e-09,9.585714285714289e-07
1999-06-10 19:21:00,0.255,0.07752,0.04558,5.847058823529412e-09,9.4e-07
1999-06-10 19:22:00,0.257,0.08664,0.04336,5.6235294117647054e-09,9.314285714285714e-07
1999-06-10 19:23:00,0.259,0.09576,0.04114,5.305882352941177e-09,9.242857142857144e-07
1999-06-10 19:24:00,0.261,0.10488,0.03892,5.094117647058823e-09,9.22857142857143e-07
1999-06-10 19:25:00,0.263,0.114,0.0367,5.258823529411764e-09,9.271428571428572e-07
1999-06-10 19:26:00,0.2976,0.10866,0.03548,5.188235294117648e-09,9.271428571428572e-07
1999-06-10 19:27:00,0.3322,0.10332,0.03426,5.588235294117647e-09,9.314285714285714e-07
1999-06-10 19:28:00,0.3668,0.09798,0.03304,5.529411764705881e-09,9.371428571428572e-07
1999-06-10 19:29:00,0.4014,0.09264,0.03182,5.4705882352941185e-09,9.4e-07
1999-06-10 19:30:00,0.436,0.0873,0.0306,5.941176470588235e-09,9.457142857142858e-07
1999-06-10 19:31:00,0.3754,0.08714,0.0324599999999999,5.670588235294118e-09,9.4e-07
1999-06-10 19:32:00,0.3147999999999999,0.08698,0.0343199999999999,5.552941176470589e-09,9.357142857142858e-07
1999-06-10 19:33:00,0.2542,0.08682,0.03618,5.411764705882353e-09,9.314285714285714e-07
1999-06-10 19:34:00,0.1936,0.08666,0.03804,5.282352941176471e-09,9.271428571428572e-07
1999-06-10 19:35:00,0.133,0.0865,0.0399,4.941176470588236e-09,9.22857142857143e-07
1999-06-10 19:36:00,0.1268,0.0788799999999999,0.03748,4.9176470588235296e-09,9.2e-07
1999-06-10 19:37:00,0.1206,0.0712599999999999,0.03506,4.776470588235294e-09,9.142857142857144e-07
1999-06-10 19:38:00,0.1144,0.06364,0.03264,4.564705882352941e-09,9.02857142857143e-07
1999-06-10 19:39:00,0.1081999999999999,0.05602,0.0302199999999999,4.388235294117647e-09,8.957142857142857e-07
1999-06-10 19:40:00,0.102,0.0484,0.0278,4.011764705882353e-09,8.928571428571429e-07
1999-06-10 19:41:00,0.1081999999999999,0.047,0.0264,4.470588235294118e-09,8.957142857142857e-07
1999-06-10 19:42:00,0.1144,0.0456,0.0249999999999999,4.411764705882353e-09,8.842857142857144e-07
1999-06-10 19:43:00,0.1206,0.0442,0.0236,4.258823529411764e-09,8.771428571428572e-07
1999-06-10 19:44:00,0.1268,0.0428,0.0221999999999999,3.91764705882353e-09,8.671428571428571e-07
1999-06-10 19:45:00,0.133,0.0414,0.0208,3.835294117647059e-09,8.542857142857143e-07
1999-06-10 19:46:00,0.1462,0.05148,0.02982,3.776470588235294e-09,8.471428571428571e-07
1999-06-10 19:47:00,0.1594,0.06156,0.03884,3.235294117647058e-09,8.371428571428572e-07
1999-06-10 19:48:00,0.1726,0.07164,0.04786,3.294117647058823e-09,8.271428571428572e-07
1999-06-10 19:49:00,0.1858,0.08172,0.05688,3.4705882352941167e-09,8.257142857142858e-07
1999-06-10 19:50:00,0.199,0.0918,0.0659,3.1058823529411767e-09,8.185714285714285e-07
1999-06-10 19:51:00,0.1952,0.08264,0.05688,3.2e-09,8.114285714285715e-07
1999-06-10 19:52:00,0.1914,0.07348,0.04786,2.8117647058823527e-09,8.028571428571429e-07
1999-06-10 19:53:00,0.1876,0.06432,0.03884,2.9294117647058823e-09,7.957142857142858e-07
1999-06-10 19:54:00,0.1838,0.05516,0.02982,2.823529411764706e-09,7.885714285714286e-07
1999-06-10 19:55:00,0.18,0.046,0.0208,3.164705882352941e-09,7.957142857142858e-07
1999-06-10 19:56:00,0.1892,0.04508,0.0208,2.964705882352941e-09,7.971428571428572e-07
1999-06-10 19:57:00,0.1984,0.04416,0.0208,3.682352941176471e-09,8.071428571428572e-07
1999-06-10 19:58:00,0.2076,0.04324,0.0208,6.717647058823531e-09,8.485714285714287e-07
1999-06-10 19:59:00,0.2168,0.0423199999999999,0.0208,1.1364705882352942e-08,9.142857142857144e-07
1999-06-10 20:00:00,0.226,0.0414,0.0208,1.0458823529411766e-08,9.242857142857144e-07
1999-06-10 20:01:00,0.2094,0.0414,0.0208,7.529411764705882e-09,9.000000000000001e-07
1999-06-10 20:02:00,0.1928,0.0414,0.0208,5.741176470588235e-09,8.742857142857144e-07
1999-06-10 20:03:00,0.1762,0.0414,0.0208,4.529411764705882e-09,8.542857142857143e-07
1999-06-10 20:04:00,0.1596,0.0414,0.0208,3.752941176470589e-09,8.371428571428572e-07
1999-06-10 20:05:00,0.143,0.0414,0.0208,3.564705882352941e-09,8.185714285714285e-07
1999-06-10 20:06:00,0.1422,0.052,0.0314399999999999,3.223529411764706e-09,8.028571428571429e-07
1999-06-10 20:07:00,0.1414,0.0626,0.04208,3.1058823529411767e-09,7.900000000000001e-07
1999-06-10 20:08:00,0.1406,0.0732,0.05272,2.882352941176471e-09,7.800000000000002e-07
1999-06-10 20:09:00,0.1398,0.0838,0.06336,2.5764705882352944e-09,7.685714285714286e-07
1999-06-10 20:10:00,0.139,0.0944,0.074,2.564705882352941e-09,7.642857142857143e-07
1999-06-10 20:11:00,0.1452,0.10052,0.06876,2.4470588235294115e-09,7.571428571428572e-07
1999-06-10 20:12:00,0.1514,0.10664,0.06352,2.670588235294117e-09,7.542857142857142e-07
1999-06-10 20:13:00,0.1576,0.11276,0.05828,2.388235294117647e-09,7.542857142857142e-07
1999-06-10 20:14:00,0.1638,0.11888,0.05304,3.0705882352941164e-09,7.714285714285715e-07
1999-06-10 20:15:00,0.17,0.125,0.0478,3.4470588235294118e-09,7.800000000000002e-07
1999-06-10 20:16:00,0.1622,0.11222,0.04636,3.5058823529411766e-09,7.857142857142858e-07
1999-06-10 20:17:00,0.1544,0.09944,0.04492,3.529411764705882e-09,7.900000000000001e-07
1999-06-10 20:18:00,0.1466,0.08666,0.04348,3.552941176470588e-09,7.900000000000001e-07
1999-06-10 20:19:00,0.1388,0.07388,0.04204,3.435294117647059e-09,7.857142857142858e-07
1999-06-10 20:20:00,0.131,0.0611,0.0406,2.952941176470588e-09,7.742857142857143e-07
1999-06-10 20:21:00,0.188,0.05822,0.03664,2.835294117647059e-09,7.685714285714286e-07
1999-06-10 20:22:00,0.245,0.05534,0.03268,2.4470588235294115e-09,7.600000000000001e-07
1999-06-10 20:23:00,0.302,0.05246,0.0287199999999999,2.364705882352941e-09,7.571428571428572e-07
1999-06-10 20:24:00,0.359,0.04958,0.0247599999999999,2.611764705882353e-09,7.614285714285715e-07
1999-06-10 20:25:00,0.416,0.0467,0.0208,2.776470588235294e-09,7.657142857142858e-07
1999-06-10 20:26:00,0.3541999999999999,0.0494999999999999,0.0237199999999999,2.4470588235294115e-09,7.657142857142858e-07
1999-06-10 20:27:00,0.2924,0.0523,0.02664,2.5764705882352944e-09,7.600000000000001e-07
1999-06-10 20:28:00,0.2305999999999999,0.0550999999999999,0.02956,2.5764705882352944e-09,7.585714285714286e-07
1999-06-10 20:29:00,0.1687999999999999,0.0578999999999999,0.03248,2.4470588235294115e-09,7.514285714285715e-07
1999-06-10 20:30:00,0.107,0.0607,0.0354,2.835294117647059e-09,7.5e-07
1999-06-10 20:31:00,0.10392,0.05708,0.03248,2.7529411764705883e-09,7.528571428571429e-07
1999-06-10 20:32:00,0.10084,0.05346,0.02956,2.317647058823529e-09,7.528571428571429e-07
1999-06-10 20:33:00,0.09776,0.0498399999999999,0.02664,2.388235294117647e-09,7.485714285714286e-07
1999-06-10 20:34:00,0.09468,0.04622,0.0237199999999999,2e-09,7.4e-07
1999-06-10 20:35:00,0.0916,0.0426,0.0208,2.2941176470588237e-09,7.371428571428572e-07
1999-06-10 20:36:00,0.10088,0.05026,0.02872,2.5764705882352944e-09,7.371428571428572e-07
1999-06-10 20:37:00,0.11016,0.05792,0.03664,2.2235294117647056e-09,7.371428571428572e-07
1999-06-10 20:38:00,0.11944,0.06558,0.04456,2.352941176470588e-09,7.371428571428572e-07
1999-06-10 20:39:00,0.12872,0.07324,0.05248,2.5058823529411763e-09,7.342857142857143e-07
1999-06-10 20:40:00,0.138,0.0809,0.0604,2.423529411764705e-09,7.314285714285715e-07
1999-06-10 20:41:00,0.1364,0.073,0.05248,2.2235294117647056e-09,7.3e-07
1999-06-10 20:42:00,0.1348,0.0650999999999999,0.04456,2.776470588235294e-09,7.371428571428572e-07
1999-06-10 20:43:00,0.1332,0.0572,0.03664,2.658823529411765e-09,7.485714285714286e-07
1999-06-10 20:44:00,0.1316,0.0493,0.02872,3.047058823529412e-09,7.528571428571429e-07
1999-06-10 20:45:00,0.13,0.0414,0.0208,2.7411764705882355e-09,7.457142857142858e-07
1999-06-10 20:46:00,0.1274,0.04724,0.02666,2.423529411764705e-09,7.371428571428572e-07
1999-06-10 20:47:00,0.1248,0.05308,0.03252,2.2823529411764704e-09,7.3e-07
1999-06-10 20:48:00,0.1222,0.05892,0.03838,2.1647058823529412e-09,7.257142857142859e-07
1999-06-10 20:49:00,0.1196,0.06476,0.04424,2.0705882352941182e-09,7.228571428571429e-07
1999-06-10 20:50:00,0.117,0.0706,0.0501,2.188235294117647e-09,7.228571428571429e-07
1999-06-10 20:51:00,0.1272,0.0672,0.0467,2.4588235294117648e-09,7.257142857142859e-07
1999-06-10 20:52:00,0.1374,0.0638,0.0433,2.2941176470588237e-09,7.242857142857143e-07
1999-06-10 20:53:00,0.1476,0.0603999999999999,0.0399,2.423529411764705e-09,7.271428571428572e-07
1999-06-10 20:54:00,0.1578,0.057,0.0365,3.152941176470588e-09,7.457142857142858e-07
1999-06-10 20:55:00,0.168,0.0536,0.0331,1.0611764705882356e-08,8.514285714285715e-07
1999-06-10 20:56:00,0.176,0.0558,0.03528,2.941176470588235e-08,1.0814285714285717e-06
1999-06-10 20:57:00,0.184,0.058,0.03746,7.811764705882354e-08,1.5285714285714283e-06
1999-06-10 20:58:00,0.192,0.0602,0.0396399999999999,1.5294117647058826e-07,2.242857142857143e-06
1999-06-10 20:59:00,0.2,0.0624,0.0418199999999999,1.7176470588235297e-07,2.742857142857143e-06
1999-06-10 21:00:00,0.208,0.0646,0.044,1.411764705882353e-07,2.8571428571428573e-06
1999-06-10 21:01:00,0.266,0.07388,0.04436,1.0011764705882353e-07,2.642857142857143e-06
1999-06-10 21:02:00,0.324,0.08316,0.0447199999999999,7.200000000000001e-08,2.3714285714285714e-06
1999-06-10 21:03:00,0.382,0.09244,0.04508,5.6235294117647074e-08,2.142857142857143e-06
1999-06-10 21:04:00,0.44,0.10172,0.04544,4.152941176470588e-08,1.9285714285714285e-06
1999-06-10 21:05:00,0.498,0.111,0.0458,2.800000000000001e-08,1.657142857142857e-06
1999-06-10 21:06:00,0.4228,0.1037,0.04738,2.788235294117647e-08,1.5714285714285717e-06
1999-06-10 21:07:00,0.3476,0.0964,0.04896,4.494117647058825e-08,1.7142857142857145e-06
1999-06-10 21:08:00,0.2724,0.0891,0.05054,5.964705882352941e-08,1.8142857142857144e-06
1999-06-10 21:09:00,0.1972,0.0818,0.05212,6.176470588235295e-08,1.8142857142857144e-06
1999-06-10 21:10:00,0.122,0.0745,0.0537,5.5294117647058824e-08,1.742857142857143e-06
1999-06-10 21:11:00,0.1664,0.06812,0.0471199999999999,4.658823529411765e-08,1.657142857142857e-06
1999-06-10 21:12:00,0.2108,0.0617399999999999,0.04054,3.88235294117647e-08,1.5571428571428572e-06
1999-06-10 21:13:00,0.2552,0.05536,0.03396,3.341176470588235e-08,1.4857142857142858e-06
1999-06-10 21:14:00,0.2996,0.0489799999999999,0.0273799999999999,2.9058823529411764e-08,1.4214285714285716e-06
1999-06-10 21:15:00,0.344,0.0426,0.0208,2.4588235294117653e-08,1.3485714285714283e-06
1999-06-10 21:16:00,0.3072,0.0510199999999999,0.02096,2.3058823529411773e-08,1.3085714285714287e-06
1999-06-10 21:17:00,0.2704,0.05944,0.02112,2.9294117647058823e-08,1.3514285714285716e-06
1999-06-10 21:18:00,0.2336,0.06786,0.02128,3.964705882352941e-08,1.4214285714285716e-06
1999-06-10 21:19:00,0.1968,0.07628,0.02144,5.141176470588235e-08,1.5e-06
1999-06-10 21:20:00,0.16,0.0847,0.0216,6.141176470588237e-08,1.5714285714285717e-06
1999-06-10 21:21:00,0.152,0.07604,0.02144,7.235294117647059e-08,1.6714285714285715e-06
1999-06-10 21:22:00,0.144,0.06738,0.02128,1.1152941176470589e-07,1.9285714285714285e-06
1999-06-10 21:23:00,0.136,0.05872,0.02112,1.3176470588235293e-07,2.0857142857142858e-06
1999-06-10 21:24:00,0.128,0.05006,0.02096,1.1576470588235294e-07,2.0571428571428573e-06
1999-06-10 21:25:00,0.12,0.0414,0.0208,1.0011764705882353e-07,2e-06
1999-06-10 21:26:00,0.1356,0.05136,0.02418,8.51764705882353e-08,1.9285714285714285e-06
1999-06-10 21:27:00,0.1512,0.06132,0.0275599999999999,7.094117647058824e-08,1.8428571428571428e-06
1999-06-10 21:28:00,0.1668,0.07128,0.03094,6.011764705882354e-08,1.7571428571428574e-06
1999-06-10 21:29:00,0.1824,0.08124,0.0343199999999999,5.094117647058824e-08,1.6857142857142858e-06
1999-06-10 21:30:00,0.198,0.0912,0.0377,4.352941176470589e-08,1.6285714285714288e-06
1999-06-10 21:31:00,0.2324,0.08222,0.03456,3.729411764705882e-08,1.5571428571428572e-06
1999-06-10 21:32:00,0.2668,0.07324,0.03142,3.2e-08,1.4857142857142858e-06
1999-06-10 21:33:00,0.3012,0.06426,0.02828,2.6705882352941185e-08,1.405714285714286e-06
1999-06-10 21:34:00,0.3356,0.05528,0.02514,2.223529411764706e-08,1.335714285714286e-06
1999-06-10 21:35:00,0.37,0.0463,0.022,1.8823529411764708e-08,1.2814285714285717e-06
1999-06-10 21:36:00,0.3186,0.0487,0.02286,1.6117647058823532e-08,1.235714285714286e-06
1999-06-10 21:37:00,0.2672,0.0511,0.0237199999999999,1.4e-08,1.1857142857142855e-06
1999-06-10 21:38:00,0.2158,0.0535,0.0245799999999999,1.1682352941176472e-08,1.14e-06
1999-06-10 21:39:00,0.1644,0.0559,0.02544,1.0011764705882353e-08,1.0957142857142855e-06
1999-06-10 21:40:00,0.113,0.0583,0.0263,8.8e-09,1.0571428571428571e-06
1999-06-10 21:41:00,0.1608,0.0659199999999999,0.03532,8.023529411764705e-09,1.0228571428571429e-06
1999-06-10 21:42:00,0.2086,0.07354,0.04434,7.411764705882353e-09,9.971428571428573e-07
1999-06-10 21:43:00,0.2563999999999999,0.08116,0.05336,6.4705882352941175e-09,9.642857142857142e-07
1999-06-10 21:44:00,0.3041999999999999,0.08878,0.06238,5.141176470588235e-09,9.357142857142858e-07
1999-06-10 21:45:00,0.352,0.0964,0.0714,4.9764705882352935e-09,9.142857142857144e-07
1999-06-10 21:46:00,0.3173999999999999,0.08632,0.06128,4.152941176470588e-09,8.914285714285715e-07
1999-06-10 21:47:00,0.2828,0.07624,0.05116,4.211764705882353e-09,8.714285714285715e-07
1999-06-10 21:48:00,0.2481999999999999,0.06616,0.04104,3.858823529411765e-09,8.571428571428571e-07
1999-06-10 21:49:00,0.2135999999999999,0.05608,0.03092,3.823529411764706e-09,8.414285714285714e-07
1999-06-10 21:50:00,0.179,0.046,0.0208,3.4941176470588237e-09,8.314285714285714e-07
1999-06-10 21:51:00,0.181,0.0496599999999999,0.0243199999999999,3.435294117647059e-09,8.242857142857144e-07
1999-06-10 21:52:00,0.183,0.05332,0.0278399999999999,3.164705882352941e-09,8.128571428571429e-07
1999-06-10 21:53:00,0.185,0.0569799999999999,0.03136,3.1882352941176472e-09,8.085714285714285e-07
1999-06-10 21:54:00,0.187,0.06064,0.0348799999999999,3.388235294117647e-09,8.014285714285715e-07
1999-06-10 21:55:00,0.189,0.0643,0.0384,3.329411764705882e-09,8.028571428571429e-07
1999-06-10 21:56:00,0.2094,0.06976,0.0438999999999999,4.1999999999999996e-09,8.114285714285715e-07
1999-06-10 21:57:00,0.2298,0.07522,0.0494,3.588235294117647e-09,8.071428571428572e-07
1999-06-10 21:58:00,0.2502,0.08068,0.0549,3.329411764705882e-09,7.971428571428572e-07
1999-06-10 21:59:00,0.2705999999999999,0.08614,0.0603999999999999,3.1882352941176472e-09,7.957142857142858e-07
1999-06-10 22:00:00,0.291,0.0916,0.0659,3.529411764705882e-09,8.000000000000001e-07
1999-06-10 22:01:00,0.2735999999999999,0.08442,0.05712,4.058823529411765e-09,8.071428571428572e-07
1999-06-10 22:02:00,0.2562,0.07724,0.04834,4.705882352941177e-09,8.200000000000001e-07
1999-06-10 22:03:00,0.2387999999999999,0.07006,0.03956,4.894117647058823e-09,8.242857142857144e-07
1999-06-10 22:04:00,0.2213999999999999,0.0628799999999999,0.03078,4.388235294117647e-09,8.185714285714285e-07
1999-06-10 22:05:00,0.204,0.0557,0.022,3.905882352941176e-09,8.057142857142857e-07
1999-06-10 22:06:00,0.1896,0.06162,0.03058,3.6705882352941164e-09,7.942857142857143e-07
1999-06-10 22:07:00,0.1752,0.06754,0.03916,3.411764705882353e-09,7.857142857142858e-07
1999-06-10 22:08:00,0.1608,0.07346,0.04774,3.152941176470588e-09,7.714285714285715e-07
1999-06-10 22:09:00,0.1464,0.07938,0.05632,3.647058823529412e-09,7.757142857142858e-07
1999-06-10 22:10:00,0.132,0.0853,0.0649,8.8e-09,8.385714285714286e-07
1999-06-10 22:11:00,0.1474,0.08334,0.06292,1.6588235294117647e-08,9.485714285714288e-07
1999-06-10 22:12:00,0.1628,0.08138,0.06094,2.223529411764706e-08,1.0342857142857142e-06
1999-06-10 22:13:00,0.1782,0.07942,0.05896,2.3882352941176472e-08,1.0885714285714285e-06
1999-06-10 22:14:00,0.1936,0.07746,0.05698,2.164705882352941e-08,1.0885714285714285e-06
1999-06-10 22:15:00,0.209,0.0755,0.055,2.0235294117647056e-08,1.0942857142857145e-06
1999-06-10 22:16:00,0.1989999999999999,0.082,0.0577,1.9529411764705882e-08,1.0985714285714286e-06
1999-06-10 22:17:00,0.189,0.0885,0.0604,1.729411764705882e-08,1.0857142857142858e-06
1999-06-10 22:18:00,0.179,0.095,0.0631,1.423529411764706e-08,1.05e-06
1999-06-10 22:19:00,0.1689999999999999,0.1015,0.0658,1.1658823529411764e-08,1.0085714285714286e-06
1999-06-10 22:20:00,0.159,0.108,0.0685,9.329411764705883e-09,9.72857142857143e-07
1999-06-10 22:21:00,0.172,0.09468,0.05896,8.152941176470587e-09,9.4e-07
1999-06-10 22:22:00,0.185,0.08136,0.04942,7.0941176470588245e-09,9.114285714285714e-07
1999-06-10 22:23:00,0.198,0.06804,0.03988,5.529411764705881e-09,8.814285714285715e-07
1999-06-10 22:24:00,0.211,0.05472,0.03034,4.741176470588236e-09,8.528571428571429e-07
1999-06-10 22:25:00,0.224,0.0414,0.0208,4.1999999999999996e-09,8.271428571428572e-07
1999-06-10 22:26:00,0.2178,0.04422,0.02122,3.929411764705882e-09,8.085714285714285e-07
1999-06-10 22:27:00,0.2116,0.04704,0.02164,3.3411764705882355e-09,7.942857142857143e-07
1999-06-10 22:28:00,0.2054,0.04986,0.02206,3.529411764705882e-09,7.885714285714286e-07
1999-06-10 22:29:00,0.1992,0.05268,0.02248,3.0705882352941164e-09,7.785714285714286e-07
1999-06-10 22:30:00,0.193,0.0555,0.0229,3.047058823529412e-09,7.714285714285715e-07
1999-06-10 22:31:00,0.1872,0.05418,0.02248,3.329411764705882e-09,7.685714285714286e-07
1999-06-10 22:32:00,0.1814,0.05286,0.02206,3.152941176470588e-09,7.685714285714286e-07
1999-06-10 22:33:00,0.1756,0.05154,0.02164,2.705882352941176e-09,7.542857142857142e-07
1999-06-10 22:34:00,0.1698,0.05022,0.02122,2.564705882352941e-09,7.442857142857142e-07
1999-06-10 22:35:00,0.164,0.0489,0.0208,2.435294117647059e-09,7.414285714285716e-07
1999-06-10 22:36:00,0.1626,0.06132,0.03006,2.635294117647059e-09,7.371428571428572e-07
1999-06-10 22:37:00,0.1612,0.07374,0.03932,2.141176470588235e-09,7.3e-07
1999-06-10 22:38:00,0.1598,0.08616,0.04858,2.341176470588235e-09,7.3e-07
1999-06-10 22:39:00,0.1584,0.09858,0.05784,2.5529411764705886e-09,7.3e-07
1999-06-10 22:40:00,0.157,0.111,0.0671,2.494117647058824e-09,7.3e-07
1999-06-10 22:41:00,0.14318,0.09708,0.05784,2.5176470588235296e-09,7.3e-07
1999-06-10 22:42:00,0.12936,0.08316,0.04858,2.611764705882353e-09,7.271428571428572e-07
1999-06-10 22:43:00,0.11554,0.06924,0.03932,2.388235294117647e-09,7.3e-07
1999-06-10 22:44:00,0.10172,0.05532,0.03006,3.011764705882353e-09,7.414285714285716e-07
1999-06-10 22:45:00,0.0879,0.0414,0.0208,3.294117647058823e-09,7.657142857142858e-07
1999-06-10 22:46:00,0.10232,0.05192,0.0313,4.152941176470588e-09,7.885714285714286e-07
1999-06-10 22:47:00,0.11674,0.0624399999999999,0.0418,4.023529411764706e-09,8.014285714285715e-07
1999-06-10 22:48:00,0.13116,0.07296,0.0523,4.294117647058823e-09,8.085714285714285e-07
1999-06-10 22:49:00,0.14558,0.08348,0.0628,3.8470588235294124e-09,8.085714285714285e-07
1999-06-10 22:50:00,0.16,0.094,0.0733,4.188235294117647e-09,8.114285714285715e-07
1999-06-10 22:51:00,0.2212,0.1144,0.07558,4.388235294117647e-09,8.242857142857144e-07
1999-06-10 22:52:00,0.2824,0.1348,0.07786,5.105882352941177e-09,8.428571428571429e-07
1999-06-10 22:53:00,0.3436,0.1552,0.08014,5.858823529411765e-09,8.542857142857143e-07
1999-06-10 22:54:00,0.4048,0.1756,0.08242,9.541176470588234e-09,9.114285714285714e-07
1999-06-10 22:55:00,0.466,0.196,0.0847,4.823529411764706e-08,1.2942857142857145e-06
1999-06-10 22:56:00,0.465,0.17496,0.0807399999999999,1.1447058823529413e-07,1.8571428571428573e-06
1999-06-10 22:57:00,0.464,0.15392,0.07678,1.163529411764706e-07,2.0142857142857144e-06
1999-06-10 22:58:00,0.463,0.13288,0.07282,9.694117647058825e-08,1.9571428571428574e-06
1999-06-10 22:59:00,0.462,0.11184,0.06886,8.058823529411764e-08,1.885714285714286e-06
1999-06-10 23:00:00,0.461,0.0908,0.0649,6.376470588235294e-08,1.785714285714286e-06
1999-06-10 23:01:00,0.3968,0.08502,0.0598,5.2e-08,1.6857142857142858e-06
1999-06-10 23:02:00,0.3326,0.07924,0.0547,4.152941176470588e-08,1.5857142857142857e-06
1999-06-10 23:03:00,0.2683999999999999,0.07346,0.0496,3.2588235294117645e-08,1.4857142857142858e-06
1999-06-10 23:04:00,0.2042,0.0676799999999999,0.0445,2.5294117647058824e-08,1.392857142857143e-06
1999-06-10 23:05:00,0.14,0.0619,0.0394,1.9882352941176472e-08,1.3114285714285716e-06
1999-06-10 23:06:00,0.1392,0.0580399999999999,0.0356799999999999,1.564705882352941e-08,1.23e-06
1999-06-10 23:07:00,0.1384,0.05418,0.0319599999999999,1.2470588235294118e-08,1.1614285714285716e-06
1999-06-10 23:08:00,0.1376,0.05032,0.0282399999999999,1.0317647058823532e-08,1.1057142857142858e-06
1999-06-10 23:09:00,0.1368,0.04646,0.02452,8.76470588235294e-09,1.0585714285714286e-06
1999-06-10 23:10:00,0.136,0.0426,0.0208,7.435294117647058e-09,1.0157142857142856e-06
1999-06-10 23:11:00,0.145,0.05548,0.02448,6.2470588235294124e-09,9.771428571428573e-07
1999-06-10 23:12:00,0.154,0.06836,0.0281599999999999,5.258823529411764e-09,9.457142857142858e-07
1999-06-10 23:13:00,0.163,0.0812399999999999,0.03184,4.7529411764705885e-09,9.22857142857143e-07
1999-06-10 23:14:00,0.172,0.09412,0.0355199999999999,4.164705882352941e-09,9.057142857142856e-07
1999-06-10 23:15:00,0.181,0.107,0.0392,4.023529411764706e-09,8.914285714285715e-07
1999-06-10 23:16:00,0.1658,0.09726,0.03662,4.082352941176471e-09,8.785714285714287e-07
1999-06-10 23:17:00,0.1505999999999999,0.08752,0.03404,4e-09,8.714285714285715e-07
1999-06-10 23:18:00,0.1354,0.0777799999999999,0.03146,3.894117647058824e-09,8.628571428571428e-07
1999-06-10 23:19:00,0.1202,0.0680399999999999,0.02888,3.6e-09,8.514285714285715e-07
1999-06-10 23:20:00,0.105,0.0583,0.0263,3.305882352941176e-09,8.414285714285714e-07
1999-06-10 23:21:00,0.1183999999999999,0.06488,0.02858,3.411764705882353e-09,8.328571428571429e-07
1999-06-10 23:22:00,0.1318,0.07146,0.03086,3.329411764705882e-09,8.271428571428572e-07
1999-06-10 23:23:00,0.1452,0.07804,0.03314,3e-09,8.242857142857144e-07
1999-06-10 23:24:00,0.1586,0.08462,0.03542,3.517647058823529e-09,8.300000000000001e-07
1999-06-10 23:25:00,0.172,0.0912,0.0377,3.305882352941176e-09,8.257142857142858e-07
1999-06-10 23:26:00,0.205,0.08338,0.0343199999999999,2.870588235294117e-09,8.114285714285715e-07
1999-06-10 23:27:00,0.238,0.07556,0.03094,2.952941176470588e-09,8.057142857142857e-07
1999-06-10 23:28:00,0.271,0.06774,0.0275599999999999,3.3411764705882355e-09,8.114285714285715e-07
1999-06-10 23:29:00,0.304,0.05992,0.02418,4.2705882352941185e-09,8.214285714285714e-07
1999-06-10 23:30:00,0.337,0.0521,0.0208,4.9764705882352935e-09,8.385714285714286e-07
1999-06-10 23:31:00,0.3106,0.05558,0.0264399999999999,7.305882352941176e-09,8.671428571428571e-07
1999-06-10 23:32:00,0.2842,0.05906,0.03208,9.211764705882352e-09,9.071428571428572e-07
1999-06-10 23:33:00,0.2578,0.06254,0.03772,1.0729411764705884e-08,9.371428571428572e-07
1999-06-10 23:34:00,0.2314,0.06602,0.04336,1.2705882352941176e-08,9.742857142857144e-07
1999-06-10 23:35:00,0.205,0.0695,0.049,1.4352941176470588e-08,1.0014285714285716e-06
1999-06-10 23:36:00,0.1861999999999999,0.06852,0.048,1.423529411764706e-08,1.0257142857142858e-06
1999-06-10 23:37:00,0.1674,0.06754,0.047,1.3882352941176472e-08,1.0471428571428572e-06
1999-06-10 23:38:00,0.1486,0.06656,0.046,1.4588235294117648e-08,1.075714285714286e-06
1999-06-10 23:39:00,0.1298,0.06558,0.045,1.3882352941176472e-08,1.0842857142857144e-06
1999-06-10 23:40:00,0.111,0.0646,0.044,1.2941176470588237e-08,1.0842857142857144e-06
1999-06-10 23:41:00,0.133,0.07828,0.05062,1.2823529411764704e-08,1.0814285714285717e-06
1999-06-10 23:42:00,0.155,0.09196,0.05724,1.1658823529411764e-08,1.0657142857142858e-06
1999-06-10 23:43:00,0.177,0.10564,0.06386,1.0705882352941178e-08,1.0542857142857142e-06
1999-06-10 23:44:00,0.199,0.11932,0.07048,9.941176470588236e-09,1.032857142857143e-06
1999-06-10 23:45:00,0.221,0.133,0.0771,8.64705882352941e-09,1.0157142857142856e-06
1999-06-10 23:46:00,0.216,0.11926,0.07042,8.388235294117647e-09,1.0071428571428572e-06
1999-06-10 23:47:00,0.211,0.10552,0.06374,8.011764705882353e-09,1e-06
1999-06-10 23:48:00,0.206,0.09178,0.05706,7.894117647058823e-09,9.957142857142856e-07
1999-06-10 23:49:00,0.201,0.07804,0.05038,7.341176470588235e-09,9.842857142857145e-07
1999-06-10 23:50:00,0.196,0.0643,0.0437,7.035294117647059e-09,9.742857142857144e-07
1999-06-10 23:51:00,0.1928,0.05998,0.03938,6.352941176470589e-09,9.657142857142857e-07
1999-06-10 23:52:00,0.1896,0.05566,0.03506,5.9882352941176475e-09,9.52857142857143e-07
1999-06-10 23:53:00,0.1864,0.05134,0.03074,5.529411764705881e-09,9.442857142857144e-07
1999-06-10 23:54:00,0.1832,0.04702,0.02642,5.058823529411764e-09,9.4e-07
1999-06-10 23:55:00,0.18,0.0427,0.0221,4.929411764705882e-09,9.32857142857143e-07
1999-06-10 23:56:00,0.2036,0.06856,0.03154,4.7529411764705885e-09,9.271428571428572e-07
1999-06-10 23:57:00,0.2271999999999999,0.0944199999999999,0.04098,4.388235294117647e-09,9.157142857142856e-07
1999-06-10 23:58:00,0.2508,0.1202799999999999,0.05042,3.952941176470588e-09,9.071428571428572e-07
1999-06-10 23:59:00,0.2744,0.14614,0.05986,3.882352941176471e-09,9.000000000000001e-07
1999-06-11 00:00:00,0.298,0.172,0.0693,3.952941176470588e-09,8.957142857142857e-07
1999-06-11 00:01:00,0.3438,0.14694,0.0596,3.9764705882352945e-09,8.885714285714287e-07
1999-06-11 00:02:00,0.3896,0.1218799999999999,0.0499,3.6e-09,8.842857142857144e-07
1999-06-11 00:03:00,0.4354,0.0968199999999999,0.0402,3.2e-09,8.814285714285715e-07
1999-06-11 00:04:00,0.4812,0.0717599999999999,0.0305,3.211764705882353e-09,8.785714285714287e-07
1999-06-11 00:05:00,0.527,0.0467,0.0208,3.5764705882352942e-09,8.742857142857144e-07
1999-06-11 00:06:00,0.463,0.05022,0.02538,3.517647058823529e-09,8.685714285714287e-07
1999-06-11 00:07:00,0.399,0.0537399999999999,0.02996,3.294117647058823e-09,8.614285714285715e-07
1999-06-11 00:08:00,0.3349999999999999,0.05726,0.03454,3.458823529411765e-09,8.585714285714287e-07
1999-06-11 00:09:00,0.2709999999999999,0.06078,0.03912,3.517647058823529e-09,8.542857142857143e-07
1999-06-11 00:10:00,0.207,0.0643,0.0437,3.176470588235294e-09,8.514285714285715e-07
1999-06-11 00:11:00,0.1946,0.07116,0.0428,2.9058823529411766e-09,8.471428571428571e-07
1999-06-11 00:12:00,0.1822,0.0780199999999999,0.0419,3.835294117647059e-09,8.542857142857143e-07
1999-06-11 00:13:00,0.1698,0.08488,0.041,3.929411764705882e-09,8.642857142857144e-07
1999-06-11 00:14:00,0.1573999999999999,0.0917399999999999,0.0401,4.188235294117647e-09,8.714285714285715e-07
1999-06-11 00:15:00,0.145,0.0986,0.0392,3.8e-09,8.714285714285715e-07
1999-06-11 00:16:00,0.1397999999999999,0.09082,0.03662,4.152941176470588e-09,8.785714285714287e-07
1999-06-11 00:17:00,0.1346,0.08304,0.03404,4.635294117647059e-09,8.914285714285715e-07
1999-06-11 00:18:00,0.1294,0.07526,0.03146,6.4705882352941175e-09,9.185714285714286e-07
1999-06-11 00:19:00,0.1241999999999999,0.06748,0.02888,6.705882352941177e-09,9.4e-07
1999-06-11 00:20:00,0.119,0.0597,0.0263,7.223529411764705e-09,9.642857142857142e-07
1999-06-11 00:21:00,0.1226,0.06256,0.02534,7.894117647058823e-09,9.814285714285716e-07
1999-06-11 00:22:00,0.1262,0.06542,0.02438,6.8588235294117645e-09,9.642857142857142e-07
1999-06-11 00:23:00,0.1298,0.06828,0.02342,6.552941176470589e-09,9.614285714285714e-07
1999-06-11 00:24:00,0.1334,0.07114,0.0224599999999999,6.129411764705883e-09,9.585714285714289e-07
1999-06-11 00:25:00,0.137,0.074,0.0215,5.294117647058823e-09,9.457142857142858e-07
1999-06-11 00:26:00,0.1988,0.0769,0.0215,4.905882352941177e-09,9.371428571428572e-07
1999-06-11 00:27:00,0.2606,0.0798,0.0215,5.152941176470589e-09,9.371428571428572e-07
1999-06-11 00:28:00,0.3224,0.0827,0.0215,5.352941176470589e-09,9.442857142857144e-07
1999-06-11 00:29:00,0.3842,0.0856,0.0215,6.211764705882353e-09,9.5e-07
1999-06-11 00:30:00,0.446,0.0885,0.0215,5.847058823529412e-09,9.442857142857144e-07
1999-06-11 00:31:00,0.422,0.0834999999999999,0.0238199999999999,6.047058823529412e-09,9.371428571428572e-07
1999-06-11 00:32:00,0.398,0.0785,0.0261399999999999,5.929411764705883e-09,9.142857142857144e-07
1999-06-11 00:33:00,0.374,0.0735,0.02846,5.447058823529412e-09,9.22857142857143e-07
1999-06-11 00:34:00,0.35,0.0685,0.03078,5.541176470588235e-09,9.314285714285714e-07
1999-06-11 00:35:00,0.326,0.0635,0.0331,5.6235294117647054e-09,9.357142857142858e-07
1999-06-11 00:36:00,0.3004,0.06246,0.03174,6.31764705882353e-09,9.5e-07
1999-06-11 00:37:00,0.2748,0.06142,0.0303799999999999,6.211764705882353e-09,9.571428571428572e-07
1999-06-11 00:38:00,0.2492,0.0603799999999999,0.0290199999999999,6.811764705882353e-09,9.614285714285714e-07
1999-06-11 00:39:00,0.2236,0.05934,0.02766,8.023529411764705e-09,9.785714285714287e-07
1999-06-11 00:40:00,0.198,0.0583,0.0263,9.23529411764706e-09,1e-06
1999-06-11 00:41:00,0.1868,0.0593999999999999,0.02968,9.623529411764705e-09,1.0185714285714283e-06
1999-06-11 00:42:00,0.1756,0.0605,0.03306,1.0482352941176473e-08,1.0342857142857142e-06
1999-06-11 00:43:00,0.1644,0.0615999999999999,0.03644,1.1035294117647062e-08,1.05e-06
1999-06-11 00:44:00,0.1532,0.0626999999999999,0.03982,1.1235294117647058e-08,1.0585714285714286e-06
1999-06-11 00:45:00,0.142,0.0638,0.0432,1.2352941176470589e-08,1.068571428571429e-06
1999-06-11 00:46:00,0.1406,0.0614599999999999,0.03872,1.2117647058823533e-08,1.0657142857142858e-06
1999-06-11 00:47:00,0.1392,0.05912,0.03424,1.2e-08,1.0585714285714286e-06
1999-06-11 00:48:00,0.1378,0.05678,0.02976,1.1470588235294118e-08,1.0514285714285716e-06
1999-06-11 00:49:00,0.1364,0.05444,0.02528,1.0364705882352945e-08,1.0471428571428572e-06
1999-06-11 00:50:00,0.135,0.0521,0.0208,1.0223529411764709e-08,1.04e-06
1999-06-11 00:51:00,0.1716,0.05088,0.0208,9.611764705882352e-09,1.0257142857142858e-06
1999-06-11 00:52:00,0.2082,0.04966,0.0208,9.494117647058824e-09,1.0071428571428572e-06
1999-06-11 00:53:00,0.2448,0.04844,0.0208,9.329411764705883e-09,1.0042857142857145e-06
1999-06-11 00:54:00,0.2814,0.04722,0.0208,9.564705882352944e-09,1.0085714285714286e-06
1999-06-11 00:55:00,0.318,0.046,0.0208,9.741176470588236e-09,1.02e-06
1999-06-11 00:56:00,0.2862,0.05284,0.02856,9.588235294117647e-09,1.0257142857142858e-06
1999-06-11 00:57:00,0.2544,0.05968,0.03632,9.152941176470588e-09,1.02e-06
1999-06-11 00:58:00,0.2226,0.06652,0.04408,8.76470588235294e-09,1.0085714285714286e-06
1999-06-11 00:59:00,0.1908,0.07336,0.05184,8.105882352941176e-09,9.971428571428573e-07
1999-06-11 01:00:00,0.159,0.0802,0.0596,7.564705882352941e-09,9.842857142857145e-07
1999-06-11 01:01:00,0.1554,0.0830399999999999,0.06248,6.976470588235294e-09,9.742857142857144e-07
1999-06-11 01:02:00,0.1518,0.08588,0.06536,6.8000000000000005e-09,9.7e-07
1999-06-11 01:03:00,0.1482,0.08872,0.06824,6.658823529411765e-09,9.685714285714286e-07
1999-06-11 01:04:00,0.1445999999999999,0.09156,0.07112,7.352941176470588e-09,9.685714285714286e-07
1999-06-11 01:05:00,0.141,0.0944,0.074,8.64705882352941e-09,9.885714285714286e-07
1999-06-11 01:06:00,0.2244,0.14372,0.0872,2.1529411764705883e-08,1.1242857142857144e-06
1999-06-11 01:07:00,0.3077999999999999,0.19304,0.1004,3.694117647058824e-08,1.3214285714285715e-06
1999-06-11 01:08:00,0.3912,0.24236,0.1136,3.83529411764706e-08,1.412857142857143e-06
1999-06-11 01:09:00,0.4746,0.29168,0.1268,3.505882352941176e-08,1.442857142857143e-06
1999-06-11 01:10:00,0.558,0.341,0.14,3.0941176470588234e-08,1.442857142857143e-06
1999-06-11 01:11:00,0.4954,0.3026,0.1326,2.6352941176470588e-08,1.405714285714286e-06
1999-06-11 01:12:00,0.4328,0.2642,0.1252,2.2e-08,1.3542857142857143e-06
1999-06-11 01:13:00,0.3702,0.2258,0.1178,1.788235294117647e-08,1.302857142857143e-06
1999-06-11 01:14:00,0.3076,0.1874,0.1104,1.5764705882352942e-08,1.252857142857143e-06
1999-06-11 01:15:00,0.245,0.149,0.103,1.3176470588235294e-08,1.2157142857142858e-06
1999-06-11 01:16:00,0.2848,0.193,0.1273999999999999,1.2117647058823533e-08,1.1942857142857144e-06
1999-06-11 01:17:00,0.3246,0.237,0.1518,1.1423529411764706e-08,1.1671428571428571e-06
1999-06-11 01:18:00,0.3644,0.281,0.1762,1.1741176470588236e-08,1.1557142857142858e-06
1999-06-11 01:19:00,0.4042,0.3249999999999999,0.2006,1.0611764705882356e-08,1.1342857142857143e-06
1999-06-11 01:20:00,0.444,0.369,0.225,8.64705882352941e-09,1.0914285714285716e-06
1999-06-11 01:21:00,0.4642,0.3948,0.2292,7.576470588235294e-09,1.0471428571428572e-06
1999-06-11 01:22:00,0.4844,0.4206,0.2334,6.717647058823531e-09,1.0142857142857144e-06
1999-06-11 01:23:00,0.5046,0.4464,0.2376,5.929411764705883e-09,9.785714285714287e-07
1999-06-11 01:24:00,0.5248,0.4722,0.2418,5.5058823529411775e-09,9.52857142857143e-07
1999-06-11 01:25:00,0.545,0.498,0.246,5.11764705882353e-09,9.314285714285714e-07
1999-06-11 01:26:00,0.758,0.494,0.2266,4.905882352941177e-09,9.157142857142856e-07
1999-06-11 01:27:00,0.971,0.49,0.2072,4.505882352941177e-09,9.014285714285714e-07
1999-06-11 01:28:00,1.1840000000000002,0.486,0.1878,4.341176470588235e-09,8.885714285714287e-07
1999-06-11 01:29:00,1.397,0.482,0.1684,4.129411764705882e-09,8.814285714285715e-07
1999-06-11 01:30:00,1.61,0.478,0.149,3.870588235294117e-09,8.728571428571428e-07
1999-06-11 01:31:00,1.4756,0.5062,0.1736,3.788235294117647e-09,8.628571428571428e-07
1999-06-11 01:32:00,1.3412000000000002,0.5344,0.1982,3.8470588235294124e-09,8.528571428571429e-07
1999-06-11 01:33:00,1.2068,0.5626,0.2228,3.6e-09,8.457142857142858e-07
1999-06-11 01:34:00,1.0724,0.5908,0.2474,3.5764705882352942e-09,8.385714285714286e-07
1999-06-11 01:35:00,0.938,0.619,0.272,3.705882352941176e-09,8.328571428571429e-07
1999-06-11 01:36:00,1.0384,0.64,0.2544,4.129411764705882e-09,8.385714285714286e-07
1999-06-11 01:37:00,1.1388,0.661,0.2368,4.9176470588235296e-09,8.542857142857143e-07
1999-06-11 01:38:00,1.2392,0.6819999999999999,0.2192,5.270588235294118e-09,8.671428571428571e-07
1999-06-11 01:39:00,1.3396,0.703,0.2016,5.905882352941176e-09,8.742857142857144e-07
1999-06-11 01:40:00,1.44,0.724,0.184,5.788235294117647e-09,8.742857142857144e-07
1999-06-11 01:41:00,1.654,0.732,0.1844,5.541176470588235e-09,8.742857142857144e-07
1999-06-11 01:42:00,1.868,0.74,0.1848,5.129411764705882e-09,8.714285714285715e-07
1999-06-11 01:43:00,2.082,0.748,0.1852,5.235294117647059e-09,8.628571428571428e-07
1999-06-11 01:44:00,2.296,0.756,0.1856,4.517647058823529e-09,8.528571428571429e-07
1999-06-11 01:45:00,2.51,0.764,0.186,4.188235294117647e-09,8.471428571428571e-07
1999-06-11 01:46:00,2.56,0.7234,0.177,3.929411764705882e-09,8.414285714285714e-07
1999-06-11 01:47:00,2.61,0.6828000000000001,0.1679999999999999,3.870588235294117e-09,8.357142857142858e-07
1999-06-11 01:48:00,2.66,0.6422000000000001,0.1589999999999999,3.376470588235294e-09,8.257142857142858e-07
1999-06-11 01:49:00,2.71,0.6016,0.15,3.588235294117647e-09,8.200000000000001e-07
1999-06-11 01:50:00,2.76,0.561,0.141,3.1411764705882353e-09,8.157142857142858e-07
1999-06-11 01:51:00,2.472,0.552,0.13176,3.2470588235294116e-09,8.071428571428572e-07
1999-06-11 01:52:00,2.184,0.543,0.1225199999999999,2.917647058823529e-09,7.971428571428572e-07
1999-06-11 01:53:00,1.896,0.534,0.1132799999999999,2.9294117647058823e-09,7.928571428571428e-07
1999-06-11 01:54:00,1.608,0.525,0.10404,2.8000000000000003e-09,7.871428571428572e-07
1999-06-11 01:55:00,1.32,0.516,0.0948,2.529411764705882e-09,7.785714285714286e-07
1999-06-11 01:56:00,1.634,0.515,0.1000399999999999,2.388235294117647e-09,7.728571428571429e-07
1999-06-11 01:57:00,1.948,0.514,0.10528,2.611764705882353e-09,7.785714285714286e-07
1999-06-11 01:58:00,2.262,0.513,0.11052,2.211764705882353e-09,7.728571428571429e-07
1999-06-11 01:59:00,2.576,0.512,0.11576,2.341176470588235e-09,7.671428571428571e-07
1999-06-11 02:00:00,2.89,0.511,0.121,2.388235294117647e-09,7.657142857142858e-07
1999-06-11 02:01:00,2.778,0.5172,0.1212,2.76470588235294e-09,7.671428571428571e-07
1999-06-11 02:02:00,2.666,0.5234,0.1214,2.694117647058824e-09,7.685714285714286e-07
1999-06-11 02:03:00,2.5540000000000003,0.5296000000000001,0.1216,3e-09,7.685714285714286e-07
1999-06-11 02:04:00,2.442,0.5358,0.1217999999999999,2.717647058823529e-09,7.671428571428571e-07
1999-06-11 02:05:00,2.33,0.542,0.122,2.423529411764705e-09,7.642857142857143e-07
1999-06-11 02:06:00,2.398,0.5076,0.11596,2.823529411764706e-09,7.671428571428571e-07
1999-06-11 02:07:00,2.466,0.4732,0.10992,2.48235294117647e-09,7.657142857142858e-07
1999-06-11 02:08:00,2.534,0.4388,0.10388,2.7529411764705883e-09,7.642857142857143e-07
1999-06-11 02:09:00,2.602,0.4044,0.09784,2.6470588235294116e-09,7.614285714285715e-07
1999-06-11 02:10:00,2.67,0.37,0.0918,3e-09,7.657142857142858e-07
1999-06-11 02:11:00,2.92,0.397,0.0907,2.6e-09,7.685714285714286e-07
1999-06-11 02:12:00,3.17,0.424,0.0896,3.211764705882353e-09,7.714285714285715e-07
1999-06-11 02:13:00,3.42,0.451,0.0885,3.4705882352941167e-09,7.742857142857143e-07
1999-06-11 02:14:00,3.67,0.478,0.0874,3.6e-09,7.857142857142858e-07
1999-06-11 02:15:00,3.92,0.505,0.0863,3.811764705882353e-09,8.000000000000001e-07
1999-06-11 02:16:00,3.74,0.4916,0.08984,4.423529411764706e-09,8.157142857142858e-07
1999-06-11 02:17:00,3.56,0.4782,0.09338,6.658823529411765e-09,8.614285714285715e-07
1999-06-11 02:18:00,3.38,0.4648,0.09692,1.0682352941176473e-08,9.4e-07
1999-06-11 02:19:00,3.2,0.4514,0.10046,1.0752941176470588e-08,9.685714285714286e-07
1999-06-11 02:20:00,3.02,0.438,0.104,9.047058823529413e-09,9.571428571428572e-07
1999-06-11 02:21:00,3.008,0.4584,0.1125999999999999,6.988235294117647e-09,9.242857142857144e-07
1999-06-11 02:22:00,2.996,0.4788,0.1212,5.4705882352941185e-09,8.928571428571429e-07
1999-06-11 02:23:00,2.984,0.4992,0.1298,4.28235294117647e-09,8.714285714285715e-07
1999-06-11 02:24:00,2.972,0.5196000000000001,0.1384,3.835294117647059e-09,8.528571428571429e-07
1999-06-11 02:25:00,2.96,0.54,0.147,4.117647058823529e-09,8.514285714285715e-07
1999-06-11 02:26:00,3.056,0.5462,0.1456,4.058823529411765e-09,8.428571428571429e-07
1999-06-11 02:27:00,3.152,0.5524,0.1442,3.811764705882353e-09,8.428571428571429e-07
1999-06-11 02:28:00,3.248,0.5586,0.1428,3.647058823529412e-09,8.428571428571429e-07
1999-06-11 02:29:00,3.344,0.5648,0.1414,4e-09,8.457142857142858e-07
1999-06-11 02:30:00,3.44,0.571,0.14,4.023529411764706e-09,8.428571428571429e-07
1999-06-11 02:31:00,3.422,0.5411999999999999,0.12564,3.729411764705883e-09,8.414285714285714e-07
1999-06-11 02:32:00,3.404,0.5114,0.11128,3.835294117647059e-09,8.385714285714286e-07
1999-06-11 02:33:00,3.386,0.4816,0.09692,3.776470588235294e-09,8.428571428571429e-07
1999-06-11 02:34:00,3.368,0.4518,0.08256,4.411764705882353e-09,8.457142857142858e-07
1999-06-11 02:35:00,3.35,0.422,0.0682,3.811764705882353e-09,8.485714285714287e-07
1999-06-11 02:36:00,3.45,0.3952,0.07456,4.1058823529411765e-09,8.471428571428571e-07
1999-06-11 02:37:00,3.5500000000000003,0.3684,0.08092,3.988235294117647e-09,8.514285714285715e-07
1999-06-11 02:38:00,3.65,0.3416,0.08728,4.470588235294118e-09,8.571428571428571e-07
1999-06-11 02:39:00,3.75,0.3147999999999999,0.09364,4.117647058823529e-09,8.628571428571428e-07
1999-06-11 02:40:00,3.85,0.288,0.1,4.047058823529412e-09,8.571428571428571e-07
1999-06-11 02:41:00,3.688,0.3016,0.09892,4.1058823529411765e-09,8.542857142857143e-07
1999-06-11 02:42:00,3.526,0.3152,0.09784,3.9764705882352945e-09,8.528571428571429e-07
1999-06-11 02:43:00,3.364,0.3288,0.09676,3.647058823529412e-09,8.471428571428571e-07
1999-06-11 02:44:00,3.202,0.3424,0.09568,3.788235294117647e-09,8.471428571428571e-07
1999-06-11 02:45:00,3.04,0.356,0.0946,3.823529411764706e-09,8.457142857142858e-07
1999-06-11 02:46:00,3.156,0.3352,0.08392,3.894117647058824e-09,8.414285714285714e-07
1999-06-11 02:47:00,3.272,0.3144,0.07324,4e-09,8.471428571428571e-07
1999-06-11 02:48:00,3.388,0.2935999999999999,0.06256,4.1411764705882364e-09,8.514285714285715e-07
1999-06-11 02:49:00,3.504,0.2728,0.05188,3.6588235294117644e-09,8.528571428571429e-07
1999-06-11 02:50:00,3.62,0.252,0.0412,3.635294117647058e-09,8.528571428571429e-07
1999-06-11 02:51:00,3.704,0.2868,0.05556,3.564705882352941e-09,8.514285714285715e-07
1999-06-11 02:52:00,3.788,0.3216,0.06992,3.894117647058824e-09,8.514285714285715e-07
1999-06-11 02:53:00,3.872,0.3564,0.08428,3.858823529411765e-09,8.514285714285715e-07
1999-06-11 02:54:00,3.956,0.3912,0.09864,4.082352941176471e-09,8.514285714285715e-07
1999-06-11 02:55:00,4.04,0.426,0.113,3.623529411764706e-09,8.514285714285715e-07
1999-06-11 02:56:00,3.928,0.428,0.1296,3.823529411764706e-09,8.542857142857143e-07
1999-06-11 02:57:00,3.816,0.43,0.1462,4.647058823529411e-09,8.742857142857144e-07
1999-06-11 02:58:00,3.704,0.432,0.1628,4.7882352941176475e-09,8.871428571428572e-07
1999-06-11 02:59:00,3.592,0.434,0.1794,5.6941176470588235e-09,9.057142857142856e-07
1999-06-11 03:00:00,3.48,0.436,0.196,5.929411764705883e-09,9.185714285714286e-07
1999-06-11 03:01:00,3.502,0.4346,0.1898,8.905882352941177e-09,9.485714285714288e-07
1999-06-11 03:02:00,3.524,0.4332,0.1836,1.1682352941176472e-08,9.971428571428573e-07
1999-06-11 03:03:00,3.546,0.4318,0.1774,1.2823529411764704e-08,1.032857142857143e-06
1999-06-11 03:04:00,3.568,0.4304,0.1712,1.3764705882352942e-08,1.0571428571428571e-06
1999-06-11 03:05:00,3.59,0.429,0.165,1.4941176470588236e-08,1.0814285714285717e-06
1999-06-11 03:06:00,3.664,0.4168,0.14742,1.6823529411764706e-08,1.127142857142857e-06
1999-06-11 03:07:00,3.738,0.4046,0.12984,1.8705882352941177e-08,1.1485714285714288e-06
1999-06-11 03:08:00,3.812,0.3923999999999999,0.11226,1.9882352941176472e-08,1.1642857142857145e-06
1999-06-11 03:09:00,3.886,0.3802,0.09468,1.9764705882352945e-08,1.1714285714285717e-06
1999-06-11 03:10:00,3.96,0.368,0.0771,1.7647058823529412e-08,1.1614285714285716e-06
1999-06-11 03:11:00,4.048,0.3616,0.08408,1.5529411764705883e-08,1.1485714285714288e-06
1999-06-11 03:12:00,4.136,0.3552,0.09106,1.3764705882352942e-08,1.1328571428571429e-06
1999-06-11 03:13:00,4.224,0.3488,0.09804,1.2117647058823533e-08,1.1171428571428572e-06
1999-06-11 03:14:00,4.312,0.3424,0.10502,1.0682352941176473e-08,1.0957142857142855e-06
1999-06-11 03:15:00,4.4,0.336,0.112,9.917647058823533e-09,1.0785714285714286e-06
1999-06-11 03:16:00,4.376,0.3102,0.0939,8.776470588235294e-09,1.0571428571428571e-06
1999-06-11 03:17:00,4.352,0.2844,0.0758,8.105882352941176e-09,1.037142857142857e-06
1999-06-11 03:18:00,4.328,0.2586,0.0577,7.258823529411765e-09,1.0185714285714283e-06
1999-06-11 03:19:00,4.304,0.2328,0.0396,6.329411764705882e-09,1.0014285714285716e-06
1999-06-11 03:20:00,4.28,0.207,0.0215,6.094117647058824e-09,9.92857142857143e-07
1999-06-11 03:21:00,4.074,0.2102,0.0375999999999999,6.035294117647059e-09,9.971428571428573e-07
1999-06-11 03:22:00,3.868,0.2134,0.0536999999999999,5.376470588235294e-09,9.842857142857145e-07
1999-06-11 03:23:00,3.662,0.2166,0.0697999999999999,5.788235294117647e-09,9.742857142857144e-07
1999-06-11 03:24:00,3.456,0.2198,0.0858999999999999,5.929411764705883e-09,9.7e-07
1999-06-11 03:25:00,3.25,0.223,0.102,5.764705882352942e-09,9.657142857142857e-07
1999-06-11 03:26:00,3.394,0.249,0.1064,5.929411764705883e-09,9.642857142857142e-07
1999-06-11 03:27:00,3.5380000000000003,0.275,0.1108,5.129411764705882e-09,9.52857142857143e-07
1999-06-11 03:28:00,3.682,0.301,0.1152,4.941176470588236e-09,9.485714285714288e-07
1999-06-11 03:29:00,3.826,0.3269999999999999,0.1196,4.741176470588236e-09,9.457142857142858e-07
1999-06-11 03:30:00,3.97,0.353,0.124,5.152941176470589e-09,9.442857142857144e-07
1999-06-11 03:31:00,4.0920000000000005,0.3395999999999999,0.10564,4.905882352941177e-09,9.442857142857144e-07
1999-06-11 03:32:00,4.214,0.3262,0.08728,4.858823529411765e-09,9.485714285714288e-07
1999-06-11 03:33:00,4.336,0.3127999999999999,0.06892,5.6588235294117645e-09,9.585714285714289e-07
1999-06-11 03:34:00,4.458,0.2994,0.05056,5.494117647058823e-09,9.657142857142857e-07
1999-06-11 03:35:00,4.58,0.286,0.0322,6.211764705882353e-09,9.842857142857145e-07
1999-06-11 03:36:00,4.208,0.2874,0.03938,7.470588235294118e-09,1.0014285714285716e-06
1999-06-11 03:37:00,3.836,0.2888,0.04656,8.082352941176471e-09,1.0114285714285715e-06
1999-06-11 03:38:00,3.464,0.2901999999999999,0.0537399999999999,7.68235294117647e-09,1.0228571428571429e-06
1999-06-11 03:39:00,3.092,0.2915999999999999,0.0609199999999999,7.717647058823531e-09,1.0257142857142858e-06
1999-06-11 03:40:00,2.72,0.293,0.0681,7.411764705882353e-09,1.02e-06
1999-06-11 03:41:00,2.834,0.2785999999999999,0.06622,7.258823529411765e-09,1.0228571428571429e-06
1999-06-11 03:42:00,2.948,0.2642,0.06434,7.741176470588235e-09,1.0271428571428572e-06
1999-06-11 03:43:00,3.0620000000000003,0.2498,0.06246,8.023529411764705e-09,1.0271428571428572e-06
1999-06-11 03:44:00,3.176,0.2354,0.06058,9.011764705882354e-09,1.032857142857143e-06
1999-06-11 03:45:00,3.29,0.221,0.0587,9.470588235294118e-09,1.0414285714285714e-06
1999-06-11 03:46:00,3.298,0.2384,0.06038,9.494117647058824e-09,1.0414285714285714e-06
1999-06-11 03:47:00,3.306,0.2558,0.06206,1.1129411764705885e-08,1.0614285714285717e-06
1999-06-11 03:48:00,3.314,0.2732,0.06374,1.0411764705882353e-08,1.0571428571428571e-06
1999-06-11 03:49:00,3.322,0.2905999999999999,0.06542,9.388235294117647e-09,1.0414285714285714e-06
1999-06-11 03:50:00,3.33,0.308,0.0671,8.847058823529413e-09,1.0257142857142858e-06
1999-06-11 03:51:00,3.0380000000000003,0.2682,0.0677,7.858823529411764e-09,1.0042857142857145e-06
1999-06-11 03:52:00,2.746,0.2284,0.0683,6.529411764705882e-09,9.785714285714287e-07
1999-06-11 03:53:00,2.454,0.1886,0.0689,6.717647058823531e-09,9.72857142857143e-07
1999-06-11 03:54:00,2.162,0.1488,0.0694999999999999,6.423529411764706e-09,9.642857142857142e-07
1999-06-11 03:55:00,1.87,0.109,0.0701,5.929411764705883e-09,9.52857142857143e-07
1999-06-11 03:56:00,1.976,0.1216,0.07338,5.576470588235294e-09,9.485714285714288e-07
1999-06-11 03:57:00,2.082,0.1341999999999999,0.0766599999999999,5.305882352941177e-09,9.357142857142858e-07
1999-06-11 03:58:00,2.188,0.1467999999999999,0.07994,5.247058823529412e-09,9.242857142857144e-07
1999-06-11 03:59:00,2.294,0.1594,0.0832199999999999,4.764705882352941e-09,9.185714285714286e-07
1999-06-11 04:00:00,2.4,0.172,0.0865,4.235294117647059e-09,9.1e-07
1999-06-11 04:01:00,2.328,0.1863999999999999,0.08588,4.7529411764705885e-09,9.02857142857143e-07
1999-06-11 04:02:00,2.256,0.2007999999999999,0.08526,4.423529411764706e-09,9.014285714285714e-07
1999-06-11 04:03:00,2.184,0.2152,0.0846399999999999,4.164705882352941e-09,9.000000000000001e-07
1999-06-11 04:04:00,2.112,0.2296,0.08402,4.411764705882353e-09,9.057142857142856e-07
1999-06-11 04:05:00,2.04,0.244,0.0834,4.258823529411764e-09,9.02857142857143e-07
1999-06-11 04:06:00,2.026,0.2308,0.08446,4.470588235294118e-09,9.02857142857143e-07
1999-06-11 04:07:00,2.012,0.2176,0.08552,5.235294117647059e-09,9.1e-07
1999-06-11 04:08:00,1.998,0.2044,0.08658,6.423529411764706e-09,9.271428571428572e-07
1999-06-11 04:09:00,1.984,0.1911999999999999,0.08764,1.5411764705882355e-08,9.857142857142855e-07
1999-06-11 04:10:00,1.97,0.178,0.0887,2.4588235294117653e-08,1.075714285714286e-06
1999-06-11 04:11:00,1.966,0.2019999999999999,0.09256,2.341176470588236e-08,1.0885714285714285e-06
1999-06-11 04:12:00,1.962,0.2259999999999999,0.09642,1.2e-08,1.0085714285714286e-06
1999-06-11 04:13:00,1.958,0.25,0.10028,8.458823529411765e-09,9.52857142857143e-07
1999-06-11 04:14:00,1.954,0.274,0.10414,5.4705882352941185e-09,9.22857142857143e-07
1999-06-11 04:15:00,1.95,0.298,0.108,4.9764705882352935e-09,9.02857142857143e-07
1999-06-11 04:16:00,1.962,0.2924,0.11,4.1999999999999996e-09,8.871428571428572e-07
1999-06-11 04:17:00,1.974,0.2868,0.112,3.717647058823529e-09,8.785714285714287e-07
1999-06-11 04:18:00,1.986,0.2812,0.1139999999999999,4.3294117647058824e-09,8.842857142857144e-07
1999-06-11 04:19:00,1.998,0.2756,0.1159999999999999,4.1411764705882364e-09,8.842857142857144e-07
1999-06-11 04:20:00,2.01,0.27,0.118,4.223529411764706e-09,8.871428571428572e-07
1999-06-11 04:21:00,1.926,0.2612,0.1043999999999999,4.8e-09,9.000000000000001e-07
1999-06-11 04:22:00,1.842,0.2524,0.0907999999999999,4.7176470588235294e-09,9.071428571428572e-07
1999-06-11 04:23:00,1.758,0.2436,0.0772,4.9882352941176485e-09,9.1e-07
1999-06-11 04:24:00,1.674,0.2348,0.0636,4.8823529411764705e-09,9.057142857142856e-07
1999-06-11 04:25:00,1.59,0.226,0.05,4.411764705882353e-09,8.957142857142857e-07
1999-06-11 04:26:00,1.668,0.2122,0.053,4.48235294117647e-09,8.885714285714287e-07
1999-06-11 04:27:00,1.746,0.1984,0.056,3.682352941176471e-09,8.814285714285715e-07
1999-06-11 04:28:00,1.824,0.1846,0.059,4.117647058823529e-09,8.714285714285715e-07
1999-06-11 04:29:00,1.902,0.1708,0.062,3.729411764705883e-09,8.642857142857144e-07
1999-06-11 04:30:00,1.98,0.157,0.065,3.623529411764706e-09,8.614285714285715e-07
1999-06-11 04:31:00,1.934,0.1924,0.06562,3.411764705882353e-09,8.514285714285715e-07
1999-06-11 04:32:00,1.888,0.2278,0.06624,3.129411764705882e-09,8.471428571428571e-07
1999-06-11 04:33:00,1.842,0.2632,0.06686,3.376470588235294e-09,8.428571428571429e-07
1999-06-11 04:34:00,1.796,0.2986,0.06748,3.929411764705882e-09,8.385714285714286e-07
1999-06-11 04:35:00,1.75,0.334,0.0681,3.305882352941176e-09,8.357142857142858e-07
1999-06-11 04:36:00,1.778,0.3386,0.0741199999999999,3.435294117647059e-09,8.328571428571429e-07
1999-06-11 04:37:00,1.806,0.3432,0.0801399999999999,4.058823529411765e-09,8.457142857142858e-07
1999-06-11 04:38:00,1.834,0.3478,0.0861599999999999,5.035294117647059e-09,8.628571428571428e-07
1999-06-11 04:39:00,1.862,0.3524,0.09218,5.576470588235294e-09,8.771428571428572e-07
1999-06-11 04:40:00,1.89,0.357,0.0982,5.847058823529412e-09,8.814285714285715e-07
1999-06-11 04:41:00,1.774,0.3212,0.08898,5.423529411764705e-09,8.742857142857144e-07
1999-06-11 04:42:00,1.658,0.2854,0.07976,5.094117647058823e-09,8.671428571428571e-07
1999-06-11 04:43:00,1.542,0.2496,0.0705399999999999,5.0117647058823526e-09,8.642857142857144e-07
1999-06-11 04:44:00,1.4260000000000002,0.2138,0.06132,4.1999999999999996e-09,8.542857142857143e-07
1999-06-11 04:45:00,1.31,0.178,0.0521,4.3294117647058824e-09,8.514285714285715e-07
1999-06-11 04:46:00,1.4220000000000002,0.1724,0.04632,4.9176470588235296e-09,8.571428571428571e-07
1999-06-11 04:47:00,1.534,0.1668,0.04054,4.776470588235294e-09,8.571428571428571e-07
1999-06-11 04:48:00,1.646,0.1612,0.03476,4.411764705882353e-09,8.514285714285715e-07
1999-06-11 04:49:00,1.758,0.1556,0.02898,3.811764705882353e-09,8.471428571428571e-07
1999-06-11 04:50:00,1.87,0.15,0.0232,3.858823529411765e-09,8.385714285714286e-07
1999-06-11 04:51:00,1.788,0.13534,0.02888,4.023529411764706e-09,8.371428571428572e-07
1999-06-11 04:52:00,1.706,0.12068,0.03456,4.117647058823529e-09,8.385714285714286e-07
1999-06-11 04:53:00,1.624,0.10602,0.04024,3.5058823529411766e-09,8.428571428571429e-07
1999-06-11 04:54:00,1.542,0.09136,0.04592,3.788235294117647e-09,8.371428571428572e-07
1999-06-11 04:55:00,1.46,0.0767,0.0516,3.929411764705882e-09,8.371428571428572e-07
1999-06-11 04:56:00,1.462,0.09036,0.05366,3.776470588235294e-09,8.385714285714286e-07
1999-06-11 04:57:00,1.464,0.10402,0.05572,4.082352941176471e-09,8.428571428571429e-07
1999-06-11 04:58:00,1.466,0.1176799999999999,0.05778,4.164705882352941e-09,8.457142857142858e-07
1999-06-11 04:59:00,1.468,0.1313399999999999,0.05984,4.2705882352941185e-09,8.485714285714287e-07
1999-06-11 05:00:00,1.47,0.145,0.0619,4.894117647058823e-09,8.614285714285715e-07
1999-06-11 05:01:00,1.52,0.1503999999999999,0.05962,6.905882352941177e-09,8.914285714285715e-07
1999-06-11 05:02:00,1.57,0.1558,0.05734,8.623529411764706e-09,9.22857142857143e-07
1999-06-11 05:03:00,1.62,0.1611999999999999,0.05506,9.894117647058825e-09,9.485714285714288e-07
1999-06-11 05:04:00,1.67,0.1666,0.05278,1.1682352941176472e-08,9.842857142857145e-07
1999-06-11 05:05:00,1.72,0.172,0.0505,1.4705882352941176e-08,1.0342857142857142e-06
1999-06-11 05:06:00,1.798,0.1609999999999999,0.04514,1.4470588235294118e-08,1.0571428571428571e-06
1999-06-11 05:07:00,1.876,0.15,0.03978,1.8117647058823527e-08,1.1014285714285715e-06
1999-06-11 05:08:00,1.954,0.139,0.03442,2.0823529411764706e-08,1.1614285714285716e-06
1999-06-11 05:09:00,2.032,0.128,0.02906,1.8000000000000002e-08,1.1671428571428571e-06
1999-06-11 05:10:00,2.11,0.117,0.0237,1.564705882352941e-08,1.1485714285714288e-06
1999-06-11 05:11:00,1.934,0.1284,0.03526,1.4705882352941176e-08,1.1328571428571429e-06
1999-06-11 05:12:00,1.758,0.1398,0.04682,1.4588235294117648e-08,1.1242857142857144e-06
1999-06-11 05:13:00,1.582,0.1512,0.05838,1.4705882352941176e-08,1.127142857142857e-06
1999-06-11 05:14:00,1.406,0.1626,0.06994,1.5058823529411764e-08,1.1342857142857143e-06
1999-06-11 05:15:00,1.23,0.174,0.0815,1.5411764705882355e-08,1.1428571428571428e-06
1999-06-11 05:16:00,1.278,0.1662,0.06952,1.4941176470588236e-08,1.1428571428571428e-06
1999-06-11 05:17:00,1.326,0.1583999999999999,0.05754,1.4823529411764708e-08,1.1428571428571428e-06
1999-06-11 05:18:00,1.374,0.1506,0.04556,1.4352941176470588e-08,1.1342857142857143e-06
1999-06-11 05:19:00,1.422,0.1428,0.03358,1.3529411764705885e-08,1.1214285714285715e-06
1999-06-11 05:20:00,1.47,0.135,0.0216,1.2823529411764704e-08,1.1057142857142858e-06
1999-06-11 05:21:00,1.418,0.1215,0.02516,1.1764705882352942e-08,1.0957142857142855e-06
1999-06-11 05:22:00,1.366,0.108,0.02872,1.1105882352941178e-08,1.0857142857142858e-06
1999-06-11 05:23:00,1.314,0.0945,0.03228,1.0682352941176473e-08,1.0785714285714286e-06
1999-06-11 05:24:00,1.262,0.081,0.03584,1.0658823529411765e-08,1.068571428571429e-06
1999-06-11 05:25:00,1.21,0.0675,0.0394,9.623529411764705e-09,1.0571428571428571e-06
1999-06-11 05:26:00,1.27,0.0782,0.04274,9.694117647058825e-09,1.0542857142857142e-06
1999-06-11 05:27:00,1.33,0.0889,0.0460799999999999,9.647058823529411e-09,1.0585714285714286e-06
1999-06-11 05:28:00,1.39,0.0996,0.04942,1.0529411764705884e-08,1.0642857142857144e-06
1999-06-11 05:29:00,1.45,0.1103,0.05276,1.1211764705882352e-08,1.0814285714285717e-06
1999-06-11 05:30:00,1.51,0.121,0.0561,1.0482352941176473e-08,1.0814285714285717e-06
1999-06-11 05:31:00,1.47,0.1572,0.07128,1.0152941176470589e-08,1.075714285714286e-06
1999-06-11 05:32:00,1.43,0.1934,0.08646,1.0058823529411766e-08,1.068571428571429e-06
1999-06-11 05:33:00,1.39,0.2295999999999999,0.10164,1.1470588235294118e-08,1.075714285714286e-06
1999-06-11 05:34:00,1.35,0.2658,0.11682,1.1764705882352942e-08,1.075714285714286e-06
1999-06-11 05:35:00,1.31,0.302,0.132,1.0858823529411766e-08,1.0657142857142858e-06
1999-06-11 05:36:00,1.452,0.25172,0.11,1.0152941176470589e-08,1.0514285714285716e-06
1999-06-11 05:37:00,1.594,0.2014399999999999,0.088,8.847058823529413e-09,1.0271428571428572e-06
1999-06-11 05:38:00,1.736,0.1511599999999999,0.066,8.623529411764706e-09,1.0085714285714286e-06
1999-06-11 05:39:00,1.878,0.1008799999999999,0.044,7.635294117647061e-09,9.9e-07
1999-06-11 05:40:00,2.02,0.0506,0.022,7.529411764705882e-09,9.785714285714287e-07
1999-06-11 05:41:00,1.876,0.0553,0.0274,7.258823529411765e-09,9.7e-07
1999-06-11 05:42:00,1.732,0.06,0.0327999999999999,6.564705882352941e-09,9.542857142857143e-07
1999-06-11 05:43:00,1.588,0.0647,0.0382,5.2e-09,9.371428571428572e-07
1999-06-11 05:44:00,1.444,0.0694,0.0436,4.9176470588235296e-09,9.22857142857143e-07
1999-06-11 05:45:00,1.3,0.0741,0.049,4.529411764705882e-09,9.142857142857144e-07
1999-06-11 05:46:00,1.346,0.07398,0.0457,5.141176470588235e-09,9.071428571428572e-07
1999-06-11 05:47:00,1.392,0.07386,0.0424,5.1764705882352945e-09,9.071428571428572e-07
1999-06-11 05:48:00,1.4380000000000002,0.07374,0.0391,4.929411764705882e-09,9.000000000000001e-07
1999-06-11 05:49:00,1.484,0.0736199999999999,0.0358,4.764705882352941e-09,8.971428571428572e-07
1999-06-11 05:50:00,1.53,0.0735,0.0325,5.341176470588235e-09,9.014285714285714e-07
1999-06-11 05:51:00,1.5,0.1022,0.04286,6.8588235294117645e-09,9.242857142857144e-07
1999-06-11 05:52:00,1.47,0.1309,0.05322,9.858823529411764e-09,9.72857142857143e-07
1999-06-11 05:53:00,1.44,0.1596,0.06358,1.0729411764705884e-08,1.0071428571428572e-06
1999-06-11 05:54:00,1.41,0.1883,0.07394,9.517647058823533e-09,1.0042857142857145e-06
1999-06-11 05:55:00,1.38,0.217,0.0843,9.588235294117647e-09,1.0014285714285716e-06
1999-06-11 05:56:00,1.3179999999999998,0.2046,0.08446,9.2e-09,1.0071428571428572e-06
1999-06-11 05:57:00,1.256,0.1922,0.08462,9.870588235294117e-09,1.0185714285714283e-06
1999-06-11 05:58:00,1.194,0.1798,0.08478,1.2941176470588237e-08,1.0571428571428571e-06
1999-06-11 05:59:00,1.132,0.1674,0.08494,1.3764705882352942e-08,1.0785714285714286e-06
1999-06-11 06:00:00,1.07,0.155,0.0851,1.4117647058823533e-08,1.0842857142857144e-06
1999-06-11 06:01:00,1.066,0.13496,0.07266,1.3882352941176472e-08,1.0814285714285717e-06
1999-06-11 06:02:00,1.062,0.11492,0.0602199999999999,1.2705882352941176e-08,1.075714285714286e-06
1999-06-11 06:03:00,1.058,0.09488,0.04778,1.1682352941176472e-08,1.068571428571429e-06
1999-06-11 06:04:00,1.054,0.07484,0.03534,1.1258823529411765e-08,1.068571428571429e-06
1999-06-11 06:05:00,1.05,0.0548,0.0229,1.0658823529411765e-08,1.0657142857142858e-06
1999-06-11 06:06:00,0.9514,0.09264,0.03852,1.0505882352941176e-08,1.0642857142857144e-06
1999-06-11 06:07:00,0.8528,0.1304799999999999,0.05414,1.08e-08,1.0657142857142858e-06
1999-06-11 06:08:00,0.7542000000000001,0.16832,0.06976,1.1082352941176471e-08,1.0742857142857145e-06
1999-06-11 06:09:00,0.6556000000000001,0.20616,0.08538,1.0976470588235294e-08,1.0742857142857145e-06
1999-06-11 06:10:00,0.557,0.244,0.101,1.0611764705882356e-08,1.0742857142857145e-06
1999-06-11 06:11:00,0.6296,0.226,0.08512,1.0823529411764706e-08,1.0814285714285717e-06
1999-06-11 06:12:00,0.7022,0.208,0.06924,1.0270588235294117e-08,1.0814285714285717e-06
1999-06-11 06:13:00,0.7748,0.19,0.05336,9.517647058823533e-09,1.0642857142857144e-06
1999-06-11 06:14:00,0.8474,0.172,0.03748,8.56470588235294e-09,1.05e-06
1999-06-11 06:15:00,0.92,0.154,0.0216,8.517647058823529e-09,1.04e-06
1999-06-11 06:16:00,0.8354,0.13252,0.02144,7.647058823529412e-09,1.032857142857143e-06
1999-06-11 06:17:00,0.7508,0.11104,0.02128,7.564705882352941e-09,1.0257142857142858e-06
1999-06-11 06:18:00,0.6662,0.08956,0.02112,7.0941176470588245e-09,1.0071428571428572e-06
1999-06-11 06:19:00,0.5816,0.06808,0.02096,5.9529411764705885e-09,9.857142857142855e-07
1999-06-11 06:20:00,0.497,0.0466,0.0208,5.929411764705883e-09,9.685714285714286e-07
1999-06-11 06:21:00,0.7256,0.06928,0.0262,5.4705882352941185e-09,9.542857142857143e-07
1999-06-11 06:22:00,0.9542,0.09196,0.0316,4.541176470588236e-09,9.357142857142858e-07
1999-06-11 06:23:00,1.1828,0.1146399999999999,0.037,4.211764705882353e-09,9.2e-07
1999-06-11 06:24:00,1.4114,0.13732,0.0424,4.176470588235294e-09,9.071428571428572e-07
1999-06-11 06:25:00,1.64,0.16,0.0478,4.094117647058823e-09,8.971428571428572e-07
1999-06-11 06:26:00,1.4686,0.1484,0.0537,3.870588235294117e-09,8.885714285714287e-07
1999-06-11 06:27:00,1.2972,0.1368,0.0596,3.588235294117647e-09,8.842857142857144e-07
1999-06-11 06:28:00,1.1258,0.1251999999999999,0.0655,3.36470588235294e-09,8.814285714285715e-07
1999-06-11 06:29:00,0.9544,0.1135999999999999,0.0713999999999999,4.2705882352941185e-09,8.771428571428572e-07
1999-06-11 06:30:00,0.783,0.102,0.0773,5.247058823529412e-09,9.000000000000001e-07
1999-06-11 06:31:00,0.8684000000000001,0.0932399999999999,0.06846,5.070588235294118e-09,9.000000000000001e-07
1999-06-11 06:32:00,0.9538,0.08448,0.0596199999999999,4.8470588235294115e-09,8.885714285714287e-07
1999-06-11 06:33:00,1.0392,0.07572,0.05078,5.811764705882353e-09,8.928571428571429e-07
1999-06-11 06:34:00,1.1246,0.0669599999999999,0.04194,6.811764705882353e-09,9.142857142857144e-07
1999-06-11 06:35:00,1.21,0.0582,0.0331,7.305882352941176e-09,9.314285714285714e-07
1999-06-11 06:36:00,1.28,0.07356,0.0307999999999999,7.6e-09,9.371428571428572e-07
1999-06-11 06:37:00,1.35,0.08892,0.0284999999999999,7.635294117647061e-09,9.442857142857144e-07
1999-06-11 06:38:00,1.42,0.10428,0.0262,6.976470588235294e-09,9.4e-07
1999-06-11 06:39:00,1.49,0.11964,0.0239,7.023529411764705e-09,9.4e-07
1999-06-11 06:40:00,1.56,0.135,0.0216,7.376470588235294e-09,9.357142857142858e-07
1999-06-11 06:41:00,1.4338,0.11902,0.02186,7.470588235294118e-09,9.4e-07
1999-06-11 06:42:00,1.3076,0.10304,0.02212,8.11764705882353e-09,9.5e-07
1999-06-11 06:43:00,1.1814,0.08706,0.02238,7.988235294117646e-09,9.52857142857143e-07
1999-06-11 06:44:00,1.0552,0.07108,0.02264,7.811764705882353e-09,9.5e-07
1999-06-11 06:45:00,0.929,0.0551,0.0229,7.717647058823531e-09,9.5e-07
1999-06-11 06:46:00,0.9652,0.07248,0.02702,7.282352941176471e-09,9.4e-07
1999-06-11 06:47:00,1.0014,0.08986,0.03114,6.682352941176471e-09,9.271428571428572e-07
1999-06-11 06:48:00,1.0376,0.10724,0.03526,6.211764705882353e-09,9.185714285714286e-07
1999-06-11 06:49:00,1.0738,0.1246199999999999,0.03938,5.71764705882353e-09,9.057142857142856e-07
1999-06-11 06:50:00,1.11,0.142,0.0435,5.070588235294118e-09,8.957142857142857e-07
1999-06-11 06:51:00,1.094,0.145,0.0485,5.164705882352941e-09,8.842857142857144e-07
1999-06-11 06:52:00,1.078,0.148,0.0535,4.635294117647059e-09,8.771428571428572e-07
1999-06-11 06:53:00,1.062,0.151,0.0585,4.541176470588236e-09,8.728571428571428e-07
1999-06-11 06:54:00,1.046,0.154,0.0635,5.141176470588235e-09,8.728571428571428e-07
1999-06-11 06:55:00,1.03,0.157,0.0685,5.529411764705881e-09,8.814285714285715e-07
1999-06-11 06:56:00,0.9094,0.1568,0.06718,5.223529411764707e-09,8.885714285714287e-07
1999-06-11 06:57:00,0.7888000000000001,0.1566,0.06586,5.529411764705881e-09,8.885714285714287e-07
1999-06-11 06:58:00,0.6682,0.1564,0.06454,5.482352941176471e-09,8.885714285714287e-07
1999-06-11 06:59:00,0.5476000000000001,0.1562,0.06322,5.4352941176470594e-09,8.885714285714287e-07
1999-06-11 07:00:00,0.427,0.156,0.0619,5.294117647058823e-09,8.842857142857144e-07
1999-06-11 07:01:00,0.5876,0.1488,0.0538199999999999,5.0823529411764715e-09,8.842857142857144e-07
1999-06-11 07:02:00,0.7482,0.1416,0.0457399999999999,4.6e-09,8.771428571428572e-07
1999-06-11 07:03:00,0.9088,0.1344,0.03766,4.741176470588236e-09,8.814285714285715e-07
1999-06-11 07:04:00,1.0694,0.1272,0.0295799999999999,4.941176470588236e-09,8.842857142857144e-07
1999-06-11 07:05:00,1.23,0.12,0.0215,5.235294117647059e-09,8.885714285714287e-07
1999-06-11 07:06:00,1.242,0.1151,0.0312199999999999,4.9882352941176485e-09,8.957142857142857e-07
1999-06-11 07:07:00,1.254,0.1101999999999999,0.04094,5.4352941176470594e-09,9.014285714285714e-07
1999-06-11 07:08:00,1.266,0.1053,0.05066,5.682352941176471e-09,9.142857142857144e-07
1999-06-11 07:09:00,1.278,0.1004,0.0603799999999999,6.047058823529412e-09,9.242857142857144e-07
1999-06-11 07:10:00,1.29,0.0955,0.0701,6.552941176470589e-09,9.285714285714288e-07
1999-06-11 07:11:00,1.2244,0.0914,0.06598,7.1529411764705884e-09,9.52857142857143e-07
1999-06-11 07:12:00,1.1588,0.0873,0.06186,8.823529411764706e-09,9.842857142857145e-07
1999-06-11 07:13:00,1.0932,0.0832,0.05774,1.08e-08,1.0157142857142856e-06
1999-06-11 07:14:00,1.0276,0.0791,0.05362,1.2588235294117648e-08,1.0585714285714286e-06
1999-06-11 07:15:00,0.962,0.075,0.0495,1.6705882352941175e-08,1.1428571428571428e-06
1999-06-11 07:16:00,0.8924,0.07636,0.05082,1.6470588235294116e-08,1.1557142857142858e-06
1999-06-11 07:17:00,0.8228,0.07772,0.05214,1.6117647058823532e-08,1.1642857142857145e-06
1999-06-11 07:18:00,0.7532,0.07908,0.05346,1.5294117647058823e-08,1.1614285714285716e-06
1999-06-11 07:19:00,0.6836,0.08044,0.0547799999999999,1.5294117647058823e-08,1.1614285714285716e-06
1999-06-11 07:20:00,0.614,0.0818,0.0561,1.5058823529411764e-08,1.1585714285714289e-06
1999-06-11 07:21:00,0.6572,0.07824,0.0525599999999999,1.4823529411764708e-08,1.1585714285714289e-06
1999-06-11 07:22:00,0.7004,0.07468,0.0490199999999999,1.423529411764706e-08,1.145714285714286e-06
1999-06-11 07:23:00,0.7436,0.07112,0.0454799999999999,1.3058823529411765e-08,1.1342857142857143e-06
1999-06-11 07:24:00,0.7867999999999999,0.06756,0.04194,1.2588235294117648e-08,1.1185714285714286e-06
1999-06-11 07:25:00,0.83,0.064,0.0384,1.2470588235294118e-08,1.1142857142857143e-06
1999-06-11 07:26:00,0.868,0.0758,0.0350199999999999,1.2588235294117648e-08,1.1171428571428572e-06
1999-06-11 07:27:00,0.906,0.0876,0.0316399999999999,1.5529411764705883e-08,1.1585714285714289e-06
1999-06-11 07:28:00,0.944,0.0994,0.0282599999999999,1.823529411764705e-08,1.2014285714285714e-06
1999-06-11 07:29:00,0.982,0.1112,0.02488,2.0588235294117653e-08,1.2414285714285714e-06
1999-06-11 07:30:00,1.02,0.123,0.0215,2.223529411764706e-08,1.2785714285714286e-06
1999-06-11 07:31:00,0.9254,0.11266,0.0262999999999999,2.5058823529411764e-08,1.3271428571428573e-06
1999-06-11 07:32:00,0.8308,0.10232,0.0311,3.0000000000000004e-08,1.4085714285714286e-06
1999-06-11 07:33:00,0.7362000000000001,0.09198,0.0359,3.5411764705882355e-08,1.5142857142857145e-06
1999-06-11 07:34:00,0.6416000000000001,0.08164,0.0407,4.1058823529411775e-08,1.6142857142857144e-06
1999-06-11 07:35:00,0.547,0.0713,0.0455,4.6e-08,1.7000000000000002e-06
1999-06-11 07:36:00,0.5936,0.08544,0.0451,5.129411764705882e-08,1.785714285714286e-06
1999-06-11 07:37:00,0.6402,0.09958,0.0447,5.6588235294117655e-08,1.8571428571428573e-06
1999-06-11 07:38:00,0.6868000000000001,0.1137199999999999,0.0443,6.364705882352941e-08,1.9571428571428574e-06
1999-06-11 07:39:00,0.7334,0.1278599999999999,0.0438999999999999,6.88235294117647e-08,2.0571428571428573e-06
1999-06-11 07:40:00,0.78,0.142,0.0435,6.847058823529411e-08,2.1e-06
1999-06-11 07:41:00,0.736,0.1246999999999999,0.03938,6.176470588235295e-08,2.0571428571428573e-06
1999-06-11 07:42:00,0.6920000000000001,0.1074,0.03526,5.5058823529411775e-08,2e-06
1999-06-11 07:43:00,0.648,0.0900999999999999,0.0311399999999999,4.988235294117647e-08,1.942857142857143e-06
1999-06-11 07:44:00,0.6040000000000001,0.0727999999999999,0.02702,4.458823529411765e-08,1.885714285714286e-06
1999-06-11 07:45:00,0.56,0.0555,0.0229,3.976470588235295e-08,1.8285714285714288e-06
1999-06-11 07:46:00,0.5448000000000001,0.0668,0.0345,3.6235294117647054e-08,1.7714285714285714e-06
1999-06-11 07:47:00,0.5296000000000001,0.0781,0.0461,3.247058823529412e-08,1.7142857142857145e-06
1999-06-11 07:48:00,0.5144,0.0894,0.0577,2.8823529411764708e-08,1.657142857142857e-06
1999-06-11 07:49:00,0.4992,0.1007,0.0693,2.6235294117647064e-08,1.6e-06
1999-06-11 07:50:00,0.484,0.112,0.0809,2.317647058823529e-08,1.5571428571428572e-06
1999-06-11 07:51:00,0.5844,0.1172,0.06904,2.2352941176470592e-08,1.5142857142857145e-06
1999-06-11 07:52:00,0.6848,0.1224,0.05718,2.1529411764705883e-08,1.4857142857142858e-06
1999-06-11 07:53:00,0.7852,0.1276,0.04532,2.047058823529412e-08,1.4571428571428571e-06
1999-06-11 07:54:00,0.8855999999999999,0.1328,0.03346,1.9058823529411764e-08,1.4214285714285716e-06
1999-06-11 07:55:00,0.986,0.138,0.0216,1.8117647058823527e-08,1.392857142857143e-06
1999-06-11 07:56:00,0.9458,0.1402,0.0322,1.6352941176470588e-08,1.3642857142857142e-06
1999-06-11 07:57:00,0.9056,0.1424,0.0428,1.5294117647058823e-08,1.335714285714286e-06
1999-06-11 07:58:00,0.8654,0.1446,0.0534,1.4e-08,1.3085714285714287e-06
1999-06-11 07:59:00,0.8252,0.1467999999999999,0.064,1.3529411764705885e-08,1.2885714285714287e-06
1999-06-11 08:00:00,0.785,0.149,0.0746,1.2588235294117648e-08,1.2642857142857143e-06
1999-06-11 08:01:00,0.8108000000000001,0.1330599999999999,0.06846,1.2117647058823533e-08,1.2642857142857143e-06
1999-06-11 08:02:00,0.8366,0.11712,0.06232,1.188235294117647e-08,1.2557142857142857e-06
1999-06-11 08:03:00,0.8624,0.1011799999999999,0.05618,1.1317647058823529e-08,1.2471428571428572e-06
1999-06-11 08:04:00,0.8882,0.08524,0.05004,1.1764705882352942e-08,1.2442857142857143e-06
1999-06-11 08:05:00,0.914,0.0693,0.0439,1.3529411764705885e-08,1.2614285714285717e-06
1999-06-11 08:06:00,0.9006000000000001,0.08824,0.0534,1.823529411764705e-08,1.3242857142857144e-06
1999-06-11 08:07:00,0.8872,0.10718,0.0629,1.752941176470588e-08,1.3242857142857144e-06
1999-06-11 08:08:00,0.8738,0.12612,0.0723999999999999,2.1176470588235293e-08,1.3671428571428571e-06
1999-06-11 08:09:00,0.8603999999999999,0.14506,0.0819,2.6470588235294123e-08,1.442857142857143e-06
1999-06-11 08:10:00,0.847,0.164,0.0914,2.6235294117647064e-08,1.4857142857142858e-06
1999-06-11 08:11:00,0.9036,0.14874,0.0792399999999999,2.0117647058823532e-08,1.4257142857142855e-06
1999-06-11 08:12:00,0.9602,0.13348,0.06708,1.6823529411764706e-08,1.3700000000000002e-06
1999-06-11 08:13:00,1.0168,0.11822,0.05492,1.4e-08,1.3085714285714287e-06
1999-06-11 08:14:00,1.0734,0.10296,0.04276,1.2117647058823533e-08,1.2585714285714288e-06
1999-06-11 08:15:00,1.13,0.0877,0.0306,1.2470588235294118e-08,1.2471428571428572e-06
1999-06-11 08:16:00,1.0746,0.08952,0.03876,1.3882352941176472e-08,1.2642857142857143e-06
1999-06-11 08:17:00,1.0192,0.09134,0.04692,1.4470588235294118e-08,1.27e-06
1999-06-11 08:18:00,0.9638,0.0931599999999999,0.05508,1.423529411764706e-08,1.2614285714285717e-06
1999-06-11 08:19:00,0.9084,0.09498,0.06324,1.3058823529411765e-08,1.25e-06
1999-06-11 08:20:00,0.853,0.0968,0.0714,1.188235294117647e-08,1.2214285714285714e-06
1999-06-11 08:21:00,0.8442,0.09602,0.06536,1.1082352941176471e-08,1.2185714285714287e-06
1999-06-11 08:22:00,0.8354,0.0952399999999999,0.05932,1.0294117647058823e-08,1.1857142857142855e-06
1999-06-11 08:23:00,0.8266,0.09446,0.05328,9.211764705882352e-09,1.1614285714285716e-06
1999-06-11 08:24:00,0.8178000000000001,0.09368,0.04724,9.105882352941177e-09,1.1485714285714288e-06
1999-06-11 08:25:00,0.809,0.0929,0.0412,9.494117647058824e-09,1.1371428571428572e-06
1999-06-11 08:26:00,0.7728,0.09162,0.04504,1.0058823529411766e-08,1.1428571428571428e-06
1999-06-11 08:27:00,0.7366,0.0903399999999999,0.04888,1.1764705882352942e-08,1.1614285714285716e-06
1999-06-11 08:28:00,0.7004,0.08906,0.05272,1.2117647058823533e-08,1.1685714285714288e-06
1999-06-11 08:29:00,0.6642,0.08778,0.05656,1.2e-08,1.1685714285714288e-06
1999-06-11 08:30:00,0.628,0.0865,0.0604,1.2941176470588237e-08,1.1685714285714288e-06
1999-06-11 08:31:00,0.638,0.0852,0.05916,1.4e-08,1.1685714285714288e-06
1999-06-11 08:32:00,0.648,0.0839,0.05792,1.5176470588235296e-08,1.1771428571428572e-06
1999-06-11 08:33:00,0.658,0.0825999999999999,0.05668,1.3176470588235294e-08,1.1614285714285716e-06
1999-06-11 08:34:00,0.668,0.0813,0.0554399999999999,1.1317647058823529e-08,1.145714285714286e-06
1999-06-11 08:35:00,0.678,0.08,0.0542,1.0223529411764709e-08,1.1342857142857143e-06
1999-06-11 08:36:00,0.6694,0.08122,0.0554399999999999,9.741176470588236e-09,1.1142857142857143e-06
1999-06-11 08:37:00,0.6608,0.08244,0.05668,8.541176470588235e-09,1.0942857142857145e-06
1999-06-11 08:38:00,0.6522,0.08366,0.05792,8.294117647058824e-09,1.0814285714285717e-06
1999-06-11 08:39:00,0.6436000000000001,0.08488,0.05916,7.882352941176471e-09,1.0742857142857145e-06
1999-06-11 08:40:00,0.635,0.0861,0.0604,8.082352941176471e-09,1.0657142857142858e-06
1999-06-11 08:41:00,0.6994,0.10668,0.0583,7.611764705882353e-09,1.0571428571428571e-06
1999-06-11 08:42:00,0.7638,0.1272599999999999,0.0562,6.811764705882353e-09,1.0442857142857143e-06
1999-06-11 08:43:00,0.8281999999999999,0.14784,0.0541,7.435294117647058e-09,1.037142857142857e-06
1999-06-11 08:44:00,0.8926,0.16842,0.052,6.8000000000000005e-09,1.0342857142857142e-06
1999-06-11 08:45:00,0.957,0.189,0.0499,7.235294117647059e-09,1.0342857142857142e-06
1999-06-11 08:46:00,0.9138,0.16052,0.04408,7.0941176470588245e-09,1.03e-06
1999-06-11 08:47:00,0.8705999999999999,0.13204,0.03826,6.7647058823529415e-09,1.0257142857142858e-06
1999-06-11 08:48:00,0.8273999999999999,0.10356,0.03244,6.7647058823529415e-09,1.0271428571428572e-06
1999-06-11 08:49:00,0.7842,0.07508,0.0266199999999999,6.435294117647059e-09,1.0142857142857144e-06
1999-06-11 08:50:00,0.741,0.0466,0.0208,6.2e-09,9.971428571428573e-07
1999-06-11 08:51:00,0.7232,0.05908,0.02094,5.870588235294118e-09,9.842857142857145e-07
1999-06-11 08:52:00,0.7054,0.07156,0.0210799999999999,5.776470588235294e-09,9.742857142857144e-07
1999-06-11 08:53:00,0.6876,0.08404,0.02122,5.3176470588235315e-09,9.657142857142857e-07
1999-06-11 08:54:00,0.6698000000000001,0.09652,0.0213599999999999,4.9882352941176485e-09,9.542857142857143e-07
1999-06-11 08:55:00,0.652,0.109,0.0215,4.9882352941176485e-09,9.5e-07
1999-06-11 08:56:00,0.7236,0.1112,0.0215,5.4705882352941185e-09,9.5e-07
1999-06-11 08:57:00,0.7952,0.1134,0.0215,5.764705882352942e-09,9.542857142857143e-07
1999-06-11 08:58:00,0.8668,0.1156,0.0215,5.6352941176470596e-09,9.542857142857143e-07
1999-06-11 08:59:00,0.9384,0.1178,0.0215,5.541176470588235e-09,9.5e-07
1999-06-11 09:00:00,1.01,0.12,0.0215,5.329411764705882e-09,9.485714285714288e-07
